position.x,position.y,position.z,rotation.x,rotation.y,rotation.z,rotation.w,localScale.x,localScale.y,localScale.z,localPosition.x,localPosition.y,localPosition.z,localRotation.x,localRotation.y,localRotation.z,localRotation.w,frame,timeStamp,
-1.036653,-0.1738191,1.158307,0,0,0,1,1,1,1,-1.036653,-0.1738191,1.158307,0,0,0,1,0,0,
-1.036653,-0.1738191,1.158307,0,0,0,1,1,1,1,-1.036653,-0.1738191,1.158307,0,0,0,1,1,0.02,
-1.036653,-0.1738191,1.158307,0,0,0,1,1,1,1,-1.036653,-0.1738191,1.158307,0,0,0,1,2,0.12,
-1.036653,-0.1738191,1.158307,0,0,0,1,1,1,1,-1.036653,-0.1738191,1.158307,0,0,0,1,3,0.1454604,
-1.036653,-0.1738191,1.158307,0,0,0,1,1,1,1,-1.036653,-0.1738191,1.158307,0,0,0,1,4,0.1549,
-1.036653,-0.1738191,1.158307,0,0,0,1,1,1,1,-1.036653,-0.1738191,1.158307,0,0,0,1,5,0.1751884,
-1.036653,-0.1738191,1.158307,0,0,0,1,1,1,1,-1.036653,-0.1738191,1.158307,0,0,0,1,6,0.1793805,
-1.036653,-0.1738191,1.158307,0,0,0,1,1,1,1,-1.036653,-0.1738191,1.158307,0,0,0,1,7,0.1842849,
-1.036653,-0.1738191,1.158307,0,0,0,1,1,1,1,-1.036653,-0.1738191,1.158307,0,0,0,1,8,0.189606,
-1.036653,-0.1738191,1.158307,0,0,0,1,1,1,1,-1.036653,-0.1738191,1.158307,0,0,0,1,9,0.1941532,
-1.036653,-0.1738191,1.158307,0,0,0,1,1,1,1,-1.036653,-0.1738191,1.158307,0,0,0,1,10,0.1977543,
-1.036653,-0.1738191,1.158307,0,0,0,1,1,1,1,-1.036653,-0.1738191,1.158307,0,0,0,1,11,0.2023426,
-1.036653,-0.1738191,1.158307,0,0,0,1,1,1,1,-1.036653,-0.1738191,1.158307,0,0,0,1,12,0.2070326,
-1.036653,-0.1738191,1.158307,0,0,0,1,1,1,1,-1.036653,-0.1738191,1.158307,0,0,0,1,13,0.2115039,
-1.036653,-0.1738191,1.158307,0,0,0,1,1,1,1,-1.036653,-0.1738191,1.158307,0,0,0,1,14,0.2151716,
-1.036653,-0.1738191,1.158307,0,0,0,1,1,1,1,-1.036653,-0.1738191,1.158307,0,0,0,1,15,0.2198146,
-1.036653,-0.1738191,1.158307,0,0,0,1,1,1,1,-1.036653,-0.1738191,1.158307,0,0,0,1,16,0.2233772,
-1.036653,-0.1738191,1.158307,0,0,0,1,1,1,1,-1.036653,-0.1738191,1.158307,0,0,0,1,17,0.2280335,
-1.036653,-0.1738191,1.158307,0,0,0,1,1,1,1,-1.036653,-0.1738191,1.158307,0,0,0,1,18,0.2316586,
-1.036653,-0.1738191,1.158307,0,0,0,1,1,1,1,-1.036653,-0.1738191,1.158307,0,0,0,1,19,0.2367086,
-1.036653,-0.1738191,1.158307,0,0,0,1,1,1,1,-1.036653,-0.1738191,1.158307,0,0,0,1,20,0.2412577,
-1.036653,-0.1738191,1.158307,0,0,0,1,1,1,1,-1.036653,-0.1738191,1.158307,0,0,0,1,21,0.2449082,
-1.036653,-0.1738191,1.158307,0,0,0,1,1,1,1,-1.036653,-0.1738191,1.158307,0,0,0,1,22,0.248458,
-1.036653,-0.1738191,1.158307,0,0,0,1,1,1,1,-1.036653,-0.1738191,1.158307,0,0,0,1,23,0.2520088,
-1.036653,-0.1738191,1.158307,0,0,0,1,1,1,1,-1.036653,-0.1738191,1.158307,0,0,0,1,24,0.2572056,
-1.036653,-0.1738191,1.158307,0,0,0,1,1,1,1,-1.036653,-0.1738191,1.158307,0,0,0,1,25,0.2613507,
-1.036653,-0.1738191,1.158307,0,0,0,1,1,1,1,-1.036653,-0.1738191,1.158307,0,0,0,1,26,0.2650202,
-1.036653,-0.1738191,1.158307,0,0,0,1,1,1,1,-1.036653,-0.1738191,1.158307,0,0,0,1,27,0.26894,
-1.036653,-0.1738191,1.158307,0,0,0,1,1,1,1,-1.036653,-0.1738191,1.158307,0,0,0,1,28,0.2725123,
-1.036653,-0.1738191,1.158307,0,0,0,1,1,1,1,-1.036653,-0.1738191,1.158307,0,0,0,1,29,0.2774342,
-1.036653,-0.1738191,1.158307,0,0,0,1,1,1,1,-1.036653,-0.1738191,1.158307,0,0,0,1,30,0.2809477,
-1.036653,-0.1738191,1.158307,0,0,0,1,1,1,1,-1.036653,-0.1738191,1.158307,0,0,0,1,31,0.2850011,
-1.036653,-0.1738191,1.158307,0,0,0,1,1,1,1,-1.036653,-0.1738191,1.158307,0,0,0,1,32,0.2896673,
-1.036653,-0.1738191,1.158307,0,0,0,1,1,1,1,-1.036653,-0.1738191,1.158307,0,0,0,1,33,0.2941998,
-1.036653,-0.1738191,1.158307,0,0,0,1,1,1,1,-1.036653,-0.1738191,1.158307,0,0,0,1,34,0.2986356,
-1.036653,-0.1738191,1.158307,0,0,0,1,1,1,1,-1.036653,-0.1738191,1.158307,0,0,0,1,35,0.3023457,
-1.036653,-0.1738191,1.158307,0,0,0,1,1,1,1,-1.036653,-0.1738191,1.158307,0,0,0,1,36,0.3061486,
-1.036653,-0.1738191,1.158307,0,0,0,1,1,1,1,-1.036653,-0.1738191,1.158307,0,0,0,1,37,0.3108271,
-1.036653,-0.1738191,1.158307,0,0,0,1,1,1,1,-1.036653,-0.1738191,1.158307,0,0,0,1,38,0.3143213,
-1.036653,-0.1738191,1.158307,0,0,0,1,1,1,1,-1.036653,-0.1738191,1.158307,0,0,0,1,39,0.317844,
-1.036653,-0.1738191,1.158307,0,0,0,1,1,1,1,-1.036653,-0.1738191,1.158307,0,0,0,1,40,0.3214558,
-1.036653,-0.1738191,1.158307,0,0,0,1,1,1,1,-1.036653,-0.1738191,1.158307,0,0,0,1,41,0.3252725,
-1.036653,-0.1738191,1.158307,0,0,0,1,1,1,1,-1.036653,-0.1738191,1.158307,0,0,0,1,42,0.3288074,
-1.036653,-0.1738191,1.158307,0,0,0,1,1,1,1,-1.036653,-0.1738191,1.158307,0,0,0,1,43,0.3324404,
-1.036653,-0.1738191,1.158307,0,0,0,1,1,1,1,-1.036653,-0.1738191,1.158307,0,0,0,1,44,0.3360544,
-1.036653,-0.1738191,1.158307,0,0,0,1,1,1,1,-1.036653,-0.1738191,1.158307,0,0,0,1,45,0.3396702,
-1.036653,-0.1738191,1.158307,0,0,0,1,1,1,1,-1.036653,-0.1738191,1.158307,0,0,0,1,46,0.343146,
-1.036653,-0.1738191,1.158307,0,0,0,1,1,1,1,-1.036653,-0.1738191,1.158307,0,0,0,1,47,0.3467305,
-1.036653,-0.1738191,1.158307,0,0,0,1,1,1,1,-1.036653,-0.1738191,1.158307,0,0,0,1,48,0.3502219,
-1.036653,-0.1738191,1.158307,0,0,0,1,1,1,1,-1.036653,-0.1738191,1.158307,0,0,0,1,49,0.3538488,
-1.036653,-0.1738191,1.158307,0,0,0,1,1,1,1,-1.036653,-0.1738191,1.158307,0,0,0,1,50,0.3576406,
-1.036653,-0.1738191,1.158307,0,0,0,1,1,1,1,-1.036653,-0.1738191,1.158307,0,0,0,1,51,0.361154,
-1.036653,-0.1738191,1.158307,0,0,0,1,1,1,1,-1.036653,-0.1738191,1.158307,0,0,0,1,52,0.3648911,
-1.036653,-0.1738191,1.158307,0,0,0,1,1,1,1,-1.036653,-0.1738191,1.158307,0,0,0,1,53,0.3685417,
-1.036653,-0.1738191,1.158307,0,0,0,1,1,1,1,-1.036653,-0.1738191,1.158307,0,0,0,1,54,0.3721193,
-1.036653,-0.1738191,1.158307,0,0,0,1,1,1,1,-1.036653,-0.1738191,1.158307,0,0,0,1,55,0.3756156,
-1.036653,-0.1738191,1.158307,0,0,0,1,1,1,1,-1.036653,-0.1738191,1.158307,0,0,0,1,56,0.3790816,
-1.036653,-0.1738191,1.158307,0,0,0,1,1,1,1,-1.036653,-0.1738191,1.158307,0,0,0,1,57,0.3825052,
-1.036653,-0.1738191,1.158307,0,0,0,1,1,1,1,-1.036653,-0.1738191,1.158307,0,0,0,1,58,0.3862964,
-1.036653,-0.1738191,1.158307,0,0,0,1,1,1,1,-1.036653,-0.1738191,1.158307,0,0,0,1,59,0.3898186,
-1.036653,-0.1738191,1.158307,0,0,0,1,1,1,1,-1.036653,-0.1738191,1.158307,0,0,0,1,60,0.3933644,
-1.036653,-0.1738191,1.158307,0,0,0,1,1,1,1,-1.036653,-0.1738191,1.158307,0,0,0,1,61,0.3978452,
-1.036653,-0.1738191,1.158307,0,0,0,1,1,1,1,-1.036653,-0.1738191,1.158307,0,0,0,1,62,0.4014642,
-1.036653,-0.1738191,1.158307,0,0,0,1,1,1,1,-1.036653,-0.1738191,1.158307,0,0,0,1,63,0.4051663,
-1.036653,-0.1738191,1.158307,0,0,0,1,1,1,1,-1.036653,-0.1738191,1.158307,0,0,0,1,64,0.4097179,
-1.036653,-0.1738191,1.158307,0,0,0,1,1,1,1,-1.036653,-0.1738191,1.158307,0,0,0,1,65,0.4132819,
-1.036653,-0.1738191,1.158307,0,0,0,1,1,1,1,-1.036653,-0.1738191,1.158307,0,0,0,1,66,0.417244,
-1.036653,-0.1738191,1.158307,0,0,0,1,1,1,1,-1.036653,-0.1738191,1.158307,0,0,0,1,67,0.4221088,
-1.036653,-0.1738191,1.158307,0,0,0,1,1,1,1,-1.036653,-0.1738191,1.158307,0,0,0,1,68,0.4257543,
-1.036653,-0.1738191,1.158307,0,0,0,1,1,1,1,-1.036653,-0.1738191,1.158307,0,0,0,1,69,0.4293334,
-1.036653,-0.1738191,1.158307,0,0,0,1,1,1,1,-1.036653,-0.1738191,1.158307,0,0,0,1,70,0.432828,
-1.036653,-0.1738191,1.158307,0,0,0,1,1,1,1,-1.036653,-0.1738191,1.158307,0,0,0,1,71,0.4363503,
-1.036653,-0.1738191,1.158307,0,0,0,1,1,1,1,-1.036653,-0.1738191,1.158307,0,0,0,1,72,0.4399113,
-1.036653,-0.1738191,1.158307,0,0,0,1,1,1,1,-1.036653,-0.1738191,1.158307,0,0,0,1,73,0.4434062,
-1.036653,-0.1738191,1.158307,0,0,0,1,1,1,1,-1.036653,-0.1738191,1.158307,0,0,0,1,74,0.4470491,
-1.036653,-0.1738191,1.158307,0,0,0,1,1,1,1,-1.036653,-0.1738191,1.158307,0,0,0,1,75,0.4506934,
-1.036653,-0.1738191,1.158307,0,0,0,1,1,1,1,-1.036653,-0.1738191,1.158307,0,0,0,1,76,0.4542218,
-1.036653,-0.1738191,1.158307,0,0,0,1,1,1,1,-1.036653,-0.1738191,1.158307,0,0,0,1,77,0.4577074,
-1.036653,-0.1738191,1.158307,0,0,0,1,1,1,1,-1.036653,-0.1738191,1.158307,0,0,0,1,78,0.4612605,
-1.036653,-0.1738191,1.158307,0,0,0,1,1,1,1,-1.036653,-0.1738191,1.158307,0,0,0,1,79,0.464891,
-1.036653,-0.1738191,1.158307,0,0,0,1,1,1,1,-1.036653,-0.1738191,1.158307,0,0,0,1,80,0.468565,
-1.036653,-0.1738191,1.158307,0,0,0,1,1,1,1,-1.036653,-0.1738191,1.158307,0,0,0,1,81,0.4773882,
-1.036653,-0.1738191,1.158307,0,0,0,1,1,1,1,-1.036653,-0.1738191,1.158307,0,0,0,1,82,0.4811899,
-1.036653,-0.1738191,1.158307,0,0,0,1,1,1,1,-1.036653,-0.1738191,1.158307,0,0,0,1,83,0.4861799,
-1.036653,-0.1738191,1.158307,0,0,0,1,1,1,1,-1.036653,-0.1738191,1.158307,0,0,0,1,84,0.4898709,
-1.036653,-0.1738191,1.158307,0,0,0,1,1,1,1,-1.036653,-0.1738191,1.158307,0,0,0,1,85,0.4935628,
-1.036653,-0.1738191,1.158307,0,0,0,1,1,1,1,-1.036653,-0.1738191,1.158307,0,0,0,1,86,0.4971859,
-1.036653,-0.1738191,1.158307,0,0,0,1,1,1,1,-1.036653,-0.1738191,1.158307,0,0,0,1,87,0.5043904,
-1.036653,-0.1738191,1.158307,0,0,0,1,1,1,1,-1.036653,-0.1738191,1.158307,0,0,0,1,88,0.5087381,
-1.036653,-0.1738191,1.158307,0,0,0,1,1,1,1,-1.036653,-0.1738191,1.158307,0,0,0,1,89,0.5123329,
-1.036653,-0.1738191,1.158307,0,0,0,1,1,1,1,-1.036653,-0.1738191,1.158307,0,0,0,1,90,0.5159679,
-1.036653,-0.1738191,1.158307,0,0,0,1,1,1,1,-1.036653,-0.1738191,1.158307,0,0,0,1,91,0.5195686,
-1.036653,-0.1738191,1.158307,0,0,0,1,1,1,1,-1.036653,-0.1738191,1.158307,0,0,0,1,92,0.5231404,
-1.036653,-0.1738191,1.158307,0,0,0,1,1,1,1,-1.036653,-0.1738191,1.158307,0,0,0,1,93,0.5271652,
-1.036653,-0.1738191,1.158307,0,0,0,1,1,1,1,-1.036653,-0.1738191,1.158307,0,0,0,1,94,0.5308569,
-1.036653,-0.1738191,1.158307,0,0,0,1,1,1,1,-1.036653,-0.1738191,1.158307,0,0,0,1,95,0.5343872,
-1.036653,-0.1738191,1.158307,0,0,0,1,1,1,1,-1.036653,-0.1738191,1.158307,0,0,0,1,96,0.5379955,
-1.036653,-0.1738191,1.158307,0,0,0,1,1,1,1,-1.036653,-0.1738191,1.158307,0,0,0,1,97,0.5417436,
-1.036653,-0.1738191,1.158307,0,0,0,1,1,1,1,-1.036653,-0.1738191,1.158307,0,0,0,1,98,0.5519666,
-1.036653,-0.1738191,1.158307,0,0,0,1,1,1,1,-1.036653,-0.1738191,1.158307,0,0,0,1,99,0.5643138,
-1.036653,-0.1738191,1.158307,0,0,0,1,1,1,1,-1.036653,-0.1738191,1.158307,0,0,0,1,100,0.5701354,
-1.036653,-0.1738191,1.158307,0,0,0,1,1,1,1,-1.036653,-0.1738191,1.158307,0,0,0,1,101,0.5739623,
-1.036653,-0.1738191,1.158307,0,0,0,1,1,1,1,-1.036653,-0.1738191,1.158307,0,0,0,1,102,0.5776864,
-1.036653,-0.1738191,1.158307,0,0,0,1,1,1,1,-1.036653,-0.1738191,1.158307,0,0,0,1,103,0.5812713,
-1.036653,-0.1738191,1.158307,0,0,0,1,1,1,1,-1.036653,-0.1738191,1.158307,0,0,0,1,104,0.5849669,
-1.036653,-0.1738191,1.158307,0,0,0,1,1,1,1,-1.036653,-0.1738191,1.158307,0,0,0,1,105,0.5886026,
-1.036653,-0.1738191,1.158307,0,0,0,1,1,1,1,-1.036653,-0.1738191,1.158307,0,0,0,1,106,0.592088,
-1.036653,-0.1738191,1.158307,0,0,0,1,1,1,1,-1.036653,-0.1738191,1.158307,0,0,0,1,107,0.5955492,
-1.036653,-0.1738191,1.158307,0,0,0,1,1,1,1,-1.036653,-0.1738191,1.158307,0,0,0,1,108,0.5990965,
-1.036653,-0.1738191,1.158307,0,0,0,1,1,1,1,-1.036653,-0.1738191,1.158307,0,0,0,1,109,0.6028419,
-1.036653,-0.1738191,1.158307,0,0,0,1,1,1,1,-1.036653,-0.1738191,1.158307,0,0,0,1,110,0.6065946,
-1.036653,-0.1738191,1.158307,0,0,0,1,1,1,1,-1.036653,-0.1738191,1.158307,0,0,0,1,111,0.6100478,
-1.036653,-0.1738191,1.158307,0,0,0,1,1,1,1,-1.036653,-0.1738191,1.158307,0,0,0,1,112,0.6134678,
-1.036653,-0.1738191,1.158307,0,0,0,1,1,1,1,-1.036653,-0.1738191,1.158307,0,0,0,1,113,0.6169474,
-1.036653,-0.1738191,1.158307,0,0,0,1,1,1,1,-1.036653,-0.1738191,1.158307,0,0,0,1,114,0.6204607,
-1.036653,-0.1738191,1.158307,0,0,0,1,1,1,1,-1.036653,-0.1738191,1.158307,0,0,0,1,115,0.6240258,
-1.036653,-0.1738191,1.158307,0,0,0,1,1,1,1,-1.036653,-0.1738191,1.158307,0,0,0,1,116,0.627504,
-1.036653,-0.1738191,1.158307,0,0,0,1,1,1,1,-1.036653,-0.1738191,1.158307,0,0,0,1,117,0.63103,
-1.036653,-0.1738191,1.158307,0,0,0,1,1,1,1,-1.036653,-0.1738191,1.158307,0,0,0,1,118,0.6346036,
-1.036653,-0.1738191,1.158307,0,0,0,1,1,1,1,-1.036653,-0.1738191,1.158307,0,0,0,1,119,0.638524,
-1.036653,-0.1738191,1.158307,0,0,0,1,1,1,1,-1.036653,-0.1738191,1.158307,0,0,0,1,120,0.6419731,
-1.036653,-0.1738191,1.158307,0,0,0,1,1,1,1,-1.036653,-0.1738191,1.158307,0,0,0,1,121,0.6455099,
-1.036653,-0.1738191,1.158307,0,0,0,1,1,1,1,-1.036653,-0.1738191,1.158307,0,0,0,1,122,0.6489546,
-1.036653,-0.1738191,1.158307,0,0,0,1,1,1,1,-1.036653,-0.1738191,1.158307,0,0,0,1,123,0.6525536,
-1.036653,-0.1738191,1.158307,0,0,0,1,1,1,1,-1.036653,-0.1738191,1.158307,0,0,0,1,124,0.6560246,
-1.036653,-0.1738191,1.158307,0,0,0,1,1,1,1,-1.036653,-0.1738191,1.158307,0,0,0,1,125,0.6595709,
-1.036653,-0.1738191,1.158307,0,0,0,1,1,1,1,-1.036653,-0.1738191,1.158307,0,0,0,1,126,0.6631849,
-1.036653,-0.1738191,1.158307,0,0,0,1,1,1,1,-1.036653,-0.1738191,1.158307,0,0,0,1,127,0.6668913,
-1.036653,-0.1738191,1.158307,0,0,0,1,1,1,1,-1.036653,-0.1738191,1.158307,0,0,0,1,128,0.670421,
-1.036653,-0.1738191,1.158307,0,0,0,1,1,1,1,-1.036653,-0.1738191,1.158307,0,0,0,1,129,0.6738754,
-1.036653,-0.1738191,1.158307,0,0,0,1,1,1,1,-1.036653,-0.1738191,1.158307,0,0,0,1,130,0.6772811,
-1.036653,-0.1738191,1.158307,0,0,0,1,1,1,1,-1.036653,-0.1738191,1.158307,0,0,0,1,131,0.680801,
-1.036653,-0.1738191,1.158307,0,0,0,1,1,1,1,-1.036653,-0.1738191,1.158307,0,0,0,1,132,0.6843644,
-1.036653,-0.1738191,1.158307,0,0,0,1,1,1,1,-1.036653,-0.1738191,1.158307,0,0,0,1,133,0.6878408,
-1.036653,-0.1738191,1.158307,0,0,0,1,1,1,1,-1.036653,-0.1738191,1.158307,0,0,0,1,134,0.6921918,
-1.036653,-0.1738191,1.158307,0,0,0,1,1,1,1,-1.036653,-0.1738191,1.158307,0,0,0,1,135,0.6966623,
-1.036653,-0.1738191,1.158307,0,0,0,1,1,1,1,-1.036653,-0.1738191,1.158307,0,0,0,1,136,0.7001057,
-1.036653,-0.1738191,1.158307,0,0,0,1,1,1,1,-1.036653,-0.1738191,1.158307,0,0,0,1,137,0.7037696,
-1.036653,-0.1738191,1.158307,0,0,0,1,1,1,1,-1.036653,-0.1738191,1.158307,0,0,0,1,138,0.7072983,
-1.036653,-0.1738191,1.158307,0,0,0,1,1,1,1,-1.036653,-0.1738191,1.158307,0,0,0,1,139,0.7107808,
-1.036653,-0.1738191,1.158307,0,0,0,1,1,1,1,-1.036653,-0.1738191,1.158307,0,0,0,1,140,0.7153369,
-1.036653,-0.1738191,1.158307,0,0,0,1,1,1,1,-1.036653,-0.1738191,1.158307,0,0,0,1,141,0.7198316,
-1.036653,-0.1738191,1.158307,0,0,0,1,1,1,1,-1.036653,-0.1738191,1.158307,0,0,0,1,142,0.7232838,
-1.036653,-0.1738191,1.158307,0,0,0,1,1,1,1,-1.036653,-0.1738191,1.158307,0,0,0,1,143,0.72807,
-1.036653,-0.1738191,1.158307,0,0,0,1,1,1,1,-1.036653,-0.1738191,1.158307,0,0,0,1,144,0.7315888,
-1.036653,-0.1738191,1.158307,0,0,0,1,1,1,1,-1.036653,-0.1738191,1.158307,0,0,0,1,145,0.7360021,
-1.036653,-0.1738191,1.158307,0,0,0,1,1,1,1,-1.036653,-0.1738191,1.158307,0,0,0,1,146,0.7396806,
-1.036653,-0.1738191,1.158307,0,0,0,1,1,1,1,-1.036653,-0.1738191,1.158307,0,0,0,1,147,0.7441352,
-1.036653,-0.1738191,1.158307,0,0,0,1,1,1,1,-1.036653,-0.1738191,1.158307,0,0,0,1,148,0.7478055,
-1.036653,-0.1738191,1.158307,0,0,0,1,1,1,1,-1.036653,-0.1738191,1.158307,0,0,0,1,149,0.7522489,
-1.036653,-0.1738191,1.158307,0,0,0,1,1,1,1,-1.036653,-0.1738191,1.158307,0,0,0,1,150,0.7576641,
-1.036653,-0.1738191,1.158307,0,0,0,1,1,1,1,-1.036653,-0.1738191,1.158307,0,0,0,1,151,0.7612276,
-1.036653,-0.1738191,1.158307,0,0,0,1,1,1,1,-1.036653,-0.1738191,1.158307,0,0,0,1,152,0.7648535,
-1.036653,-0.1738191,1.158307,0,0,0,1,1,1,1,-1.036653,-0.1738191,1.158307,0,0,0,1,153,0.7693009,
-1.036653,-0.1738191,1.158307,0,0,0,1,1,1,1,-1.036653,-0.1738191,1.158307,0,0,0,1,154,0.7738044,
-1.036653,-0.1738191,1.158307,0,0,0,1,1,1,1,-1.036653,-0.1738191,1.158307,0,0,0,1,155,0.7773502,
-1.036653,-0.1738191,1.158307,0,0,0,1,1,1,1,-1.036653,-0.1738191,1.158307,0,0,0,1,156,0.7818238,
-1.036653,-0.1738191,1.158307,0,0,0,1,1,1,1,-1.036653,-0.1738191,1.158307,0,0,0,1,157,0.7865749,
-1.036653,-0.1738191,1.158307,0,0,0,1,1,1,1,-1.036653,-0.1738191,1.158307,0,0,0,1,158,0.7912476,
-1.036653,-0.1738191,1.158307,0,0,0,1,1,1,1,-1.036653,-0.1738191,1.158307,0,0,0,1,159,0.7956481,
-1.036653,-0.1738191,1.158307,0,0,0,1,1,1,1,-1.036653,-0.1738191,1.158307,0,0,0,1,160,0.8000389,
-1.036653,-0.1738191,1.158307,0,0,0,1,1,1,1,-1.036653,-0.1738191,1.158307,0,0,0,1,161,0.8046439,
-1.036653,-0.1738191,1.158307,0,0,0,1,1,1,1,-1.036653,-0.1738191,1.158307,0,0,0,1,162,0.8091784,
-1.036653,-0.1738191,1.158307,0,0,0,1,1,1,1,-1.036653,-0.1738191,1.158307,0,0,0,1,163,0.8134982,
-1.036653,-0.1738191,1.158307,0,0,0,1,1,1,1,-1.036653,-0.1738191,1.158307,0,0,0,1,164,0.8169426,
-1.036653,-0.1738191,1.158307,0,0,0,1,1,1,1,-1.036653,-0.1738191,1.158307,0,0,0,1,165,0.8215876,
-1.036653,-0.1738191,1.158307,0,0,0,1,1,1,1,-1.036653,-0.1738191,1.158307,0,0,0,1,166,0.8253514,
-1.036653,-0.1738191,1.158307,0,0,0,1,1,1,1,-1.036653,-0.1738191,1.158307,0,0,0,1,167,0.8288332,
-1.036653,-0.1738191,1.158307,0,0,0,1,1,1,1,-1.036653,-0.1738191,1.158307,0,0,0,1,168,0.8322617,
-1.036653,-0.1738191,1.158307,0,0,0,1,1,1,1,-1.036653,-0.1738191,1.158307,0,0,0,1,169,0.8358082,
-1.036653,-0.1738191,1.158307,0,0,0,1,1,1,1,-1.036653,-0.1738191,1.158307,0,0,0,1,170,0.8393333,
-1.036653,-0.1738191,1.158307,0,0,0,1,1,1,1,-1.036653,-0.1738191,1.158307,0,0,0,1,171,0.8427798,
-1.036653,-0.1738191,1.158307,0,0,0,1,1,1,1,-1.036653,-0.1738191,1.158307,0,0,0,1,172,0.8464336,
-1.036653,-0.1738191,1.158307,0,0,0,1,1,1,1,-1.036653,-0.1738191,1.158307,0,0,0,1,173,0.8499201,
-1.036653,-0.1738191,1.158307,0,0,0,1,1,1,1,-1.036653,-0.1738191,1.158307,0,0,0,1,174,0.8534928,
-1.036653,-0.1738191,1.158307,0,0,0,1,1,1,1,-1.036653,-0.1738191,1.158307,0,0,0,1,175,0.8569906,
-1.036653,-0.1738191,1.158307,0,0,0,1,1,1,1,-1.036653,-0.1738191,1.158307,0,0,0,1,176,0.8604302,
-1.036653,-0.1738191,1.158307,0,0,0,1,1,1,1,-1.036653,-0.1738191,1.158307,0,0,0,1,177,0.8639854,
-1.036653,-0.1738191,1.158307,0,0,0,1,1,1,1,-1.036653,-0.1738191,1.158307,0,0,0,1,178,0.8674885,
-1.036653,-0.1738191,1.158307,0,0,0,1,1,1,1,-1.036653,-0.1738191,1.158307,0,0,0,1,179,0.8709546,
-1.036653,-0.1738191,1.158307,0,0,0,1,1,1,1,-1.036653,-0.1738191,1.158307,0,0,0,1,180,0.8755782,
-1.036653,-0.1738191,1.158307,0,0,0,1,1,1,1,-1.036653,-0.1738191,1.158307,0,0,0,1,181,0.8792299,
-1.036653,-0.1738191,1.158307,0,0,0,1,1,1,1,-1.036653,-0.1738191,1.158307,0,0,0,1,182,0.8827608,
-1.036653,-0.1738191,1.158307,0,0,0,1,1,1,1,-1.036653,-0.1738191,1.158307,0,0,0,1,183,0.8865269,
-1.036653,-0.1738191,1.158307,0,0,0,1,1,1,1,-1.036653,-0.1738191,1.158307,0,0,0,1,184,0.8900768,
-1.036653,-0.1738191,1.158307,0,0,0,1,1,1,1,-1.036653,-0.1738191,1.158307,0,0,0,1,185,0.8935784,
-1.036653,-0.1738191,1.158307,0,0,0,1,1,1,1,-1.036653,-0.1738191,1.158307,0,0,0,1,186,0.8985,
-1.036653,-0.1738191,1.158307,0,0,0,1,1,1,1,-1.036653,-0.1738191,1.158307,0,0,0,1,187,0.9020418,
-1.036653,-0.1738191,1.158307,0,0,0,1,1,1,1,-1.036653,-0.1738191,1.158307,0,0,0,1,188,0.9059441,
-1.036653,-0.1738191,1.158307,0,0,0,1,1,1,1,-1.036653,-0.1738191,1.158307,0,0,0,1,189,0.9094581,
-1.036653,-0.1738191,1.158307,0,0,0,1,1,1,1,-1.036653,-0.1738191,1.158307,0,0,0,1,190,0.912995,
-1.036653,-0.1738191,1.158307,0,0,0,1,1,1,1,-1.036653,-0.1738191,1.158307,0,0,0,1,191,0.9164221,
-1.036653,-0.1738191,1.158307,0,0,0,1,1,1,1,-1.036653,-0.1738191,1.158307,0,0,0,1,192,0.9199541,
-1.036653,-0.1738191,1.158307,0,0,0,1,1,1,1,-1.036653,-0.1738191,1.158307,0,0,0,1,193,0.923398,
-1.036653,-0.1738191,1.158307,0,0,0,1,1,1,1,-1.036653,-0.1738191,1.158307,0,0,0,1,194,0.9270947,
-1.036653,-0.1738191,1.158307,0,0,0,1,1,1,1,-1.036653,-0.1738191,1.158307,0,0,0,1,195,0.9305374,
-1.036653,-0.1738191,1.158307,0,0,0,1,1,1,1,-1.036653,-0.1738191,1.158307,0,0,0,1,196,0.9339569,
-1.036653,-0.1738191,1.158307,0,0,0,1,1,1,1,-1.036653,-0.1738191,1.158307,0,0,0,1,197,0.9375308,
-1.036653,-0.1738191,1.158307,0,0,0,1,1,1,1,-1.036653,-0.1738191,1.158307,0,0,0,1,198,0.9411043,
-1.036653,-0.1738191,1.158307,0,0,0,1,1,1,1,-1.036653,-0.1738191,1.158307,0,0,0,1,199,0.9446685,
-1.036653,-0.1738191,1.158307,0,0,0,1,1,1,1,-1.036653,-0.1738191,1.158307,0,0,0,1,200,0.9481052,
-1.036653,-0.1738191,1.158307,0,0,0,1,1,1,1,-1.036653,-0.1738191,1.158307,0,0,0,1,201,0.9515647,
-1.036653,-0.1738191,1.158307,0,0,0,1,1,1,1,-1.036653,-0.1738191,1.158307,0,0,0,1,202,0.9550339,
-1.036653,-0.1738191,1.158307,0,0,0,1,1,1,1,-1.036653,-0.1738191,1.158307,0,0,0,1,203,0.9586383,
-1.036653,-0.1738191,1.158307,0,0,0,1,1,1,1,-1.036653,-0.1738191,1.158307,0,0,0,1,204,0.9621961,
-1.036653,-0.1738191,1.158307,0,0,0,1,1,1,1,-1.036653,-0.1738191,1.158307,0,0,0,1,205,0.9657433,
-1.036653,-0.1738191,1.158307,0,0,0,1,1,1,1,-1.036653,-0.1738191,1.158307,0,0,0,1,206,0.9693018,
-1.036653,-0.1738191,1.158307,0,0,0,1,1,1,1,-1.036653,-0.1738191,1.158307,0,0,0,1,207,0.9739702,
-1.036653,-0.1738191,1.158307,0,0,0,1,1,1,1,-1.036653,-0.1738191,1.158307,0,0,0,1,208,0.9776102,
-1.036653,-0.1738191,1.158307,0,0,0,1,1,1,1,-1.036653,-0.1738191,1.158307,0,0,0,1,209,0.9809563,
-1.036653,-0.1738191,1.158307,0,0,0,1,1,1,1,-1.036653,-0.1738191,1.158307,0,0,0,1,210,0.9844711,
-1.036653,-0.1738191,1.158307,0,0,0,1,1,1,1,-1.036653,-0.1738191,1.158307,0,0,0,1,211,0.9879489,
-1.036653,-0.1738191,1.158307,0,0,0,1,1,1,1,-1.036653,-0.1738191,1.158307,0,0,0,1,212,0.9915028,
-1.036653,-0.1738191,1.158307,0,0,0,1,1,1,1,-1.036653,-0.1738191,1.158307,0,0,0,1,213,0.9949996,
-1.036653,-0.1738191,1.158307,0,0,0,1,1,1,1,-1.036653,-0.1738191,1.158307,0,0,0,1,214,0.9985022,
-1.036653,-0.1738191,1.158307,0,0,0,1,1,1,1,-1.036653,-0.1738191,1.158307,0,0,0,1,215,1.001943,
-1.036653,-0.1738191,1.158307,0,0,0,1,1,1,1,-1.036653,-0.1738191,1.158307,0,0,0,1,216,1.005626,
-1.036653,-0.1738191,1.158307,0,0,0,1,1,1,1,-1.036653,-0.1738191,1.158307,0,0,0,1,217,1.009065,
-1.036653,-0.1738191,1.158307,0,0,0,1,1,1,1,-1.036653,-0.1738191,1.158307,0,0,0,1,218,1.012568,
-1.036653,-0.1738191,1.158307,0,0,0,1,1,1,1,-1.036653,-0.1738191,1.158307,0,0,0,1,219,1.016396,
-1.036653,-0.1738191,1.158307,0,0,0,1,1,1,1,-1.036653,-0.1738191,1.158307,0,0,0,1,220,1.02019,
-1.036653,-0.1738191,1.158307,0,0,0,1,1,1,1,-1.036653,-0.1738191,1.158307,0,0,0,1,221,1.02383,
-1.036653,-0.1738191,1.158307,0,0,0,1,1,1,1,-1.036653,-0.1738191,1.158307,0,0,0,1,222,1.027264,
-1.036653,-0.1738191,1.158307,0,0,0,1,1,1,1,-1.036653,-0.1738191,1.158307,0,0,0,1,223,1.030849,
-1.036653,-0.1738191,1.158307,0,0,0,1,1,1,1,-1.036653,-0.1738191,1.158307,0,0,0,1,224,1.059864,
-1.036653,-0.1738191,1.158307,0,0,0,1,1,1,1,-1.036653,-0.1738191,1.158307,0,0,0,1,225,1.137083,
-1.036653,-0.1738191,1.158307,0,0,0,1,1,1,1,-1.036653,-0.1738191,1.158307,0,0,0,1,226,1.154385,
-1.036653,-0.1738191,1.158307,0,0,0,1,1,1,1,-1.036653,-0.1738191,1.158307,0,0,0,1,227,1.159815,
-1.036653,-0.1738191,1.158307,0,0,0,1,1,1,1,-1.036653,-0.1738191,1.158307,0,0,0,1,228,1.163867,
-1.036653,-0.1738191,1.158307,0,0,0,1,1,1,1,-1.036653,-0.1738191,1.158307,0,0,0,1,229,1.168029,
-1.036653,-0.1738191,1.158307,0,0,0,1,1,1,1,-1.036653,-0.1738191,1.158307,0,0,0,1,230,1.173352,
-1.036653,-0.1738191,1.158307,0,0,0,1,1,1,1,-1.036653,-0.1738191,1.158307,0,0,0,1,231,1.178537,
-1.036653,-0.1738191,1.158307,0,0,0,1,1,1,1,-1.036653,-0.1738191,1.158307,0,0,0,1,232,1.182832,
-1.036653,-0.1738191,1.158307,0,0,0,1,1,1,1,-1.036653,-0.1738191,1.158307,0,0,0,1,233,1.196948,
-1.036653,-0.1738191,1.158307,0,0,0,1,1,1,1,-1.036653,-0.1738191,1.158307,0,0,0,1,234,1.202365,
-1.036653,-0.1738191,1.158307,0,0,0,1,1,1,1,-1.036653,-0.1738191,1.158307,0,0,0,1,235,1.206558,
-1.036653,-0.1738191,1.158307,0,0,0,1,1,1,1,-1.036653,-0.1738191,1.158307,0,0,0,1,236,1.211119,
-1.036653,-0.1738191,1.158307,0,0,0,1,1,1,1,-1.036653,-0.1738191,1.158307,0,0,0,1,237,1.216208,
-1.036653,-0.1738191,1.158307,0,0,0,1,1,1,1,-1.036653,-0.1738191,1.158307,0,0,0,1,238,1.22158,
-1.036653,-0.1738191,1.158307,0,0,0,1,1,1,1,-1.036653,-0.1738191,1.158307,0,0,0,1,239,1.226803,
-1.036653,-0.1738191,1.158307,0,0,0,1,1,1,1,-1.036653,-0.1738191,1.158307,0,0,0,1,240,1.231873,
-1.036653,-0.1738191,1.158307,0,0,0,1,1,1,1,-1.036653,-0.1738191,1.158307,0,0,0,1,241,1.237567,
-1.036653,-0.1738191,1.158307,0,0,0,1,1,1,1,-1.036653,-0.1738191,1.158307,0,0,0,1,242,1.242788,
-1.036653,-0.1738191,1.158307,0,0,0,1,1,1,1,-1.036653,-0.1738191,1.158307,0,0,0,1,243,1.24688,
-1.036653,-0.1738191,1.158307,0,0,0,1,1,1,1,-1.036653,-0.1738191,1.158307,0,0,0,1,244,1.252173,
-1.036653,-0.1738191,1.158307,0,0,0,1,1,1,1,-1.036653,-0.1738191,1.158307,0,0,0,1,245,1.257756,
-1.036653,-0.1738191,1.158307,0,0,0,1,1,1,1,-1.036653,-0.1738191,1.158307,0,0,0,1,246,1.262962,
-1.036653,-0.1738191,1.158307,0,0,0,1,1,1,1,-1.036653,-0.1738191,1.158307,0,0,0,1,247,1.268368,
-1.036653,-0.1738191,1.158307,0,0,0,1,1,1,1,-1.036653,-0.1738191,1.158307,0,0,0,1,248,1.273473,
-1.036653,-0.1738191,1.158307,0,0,0,1,1,1,1,-1.036653,-0.1738191,1.158307,0,0,0,1,249,1.277641,
-1.036653,-0.1738191,1.158307,0,0,0,1,1,1,1,-1.036653,-0.1738191,1.158307,0,0,0,1,250,1.283578,
-1.036653,-0.1738191,1.158307,0,0,0,1,1,1,1,-1.036653,-0.1738191,1.158307,0,0,0,1,251,1.289048,
-1.036653,-0.1738191,1.158307,0,0,0,1,1,1,1,-1.036653,-0.1738191,1.158307,0,0,0,1,252,1.2943,
-1.036653,-0.1738191,1.158307,0,0,0,1,1,1,1,-1.036653,-0.1738191,1.158307,0,0,0,1,253,1.299475,
-1.036653,-0.1738191,1.158307,0,0,0,1,1,1,1,-1.036653,-0.1738191,1.158307,0,0,0,1,254,1.305096,
-1.036653,-0.1738191,1.158307,0,0,0,1,1,1,1,-1.036653,-0.1738191,1.158307,0,0,0,1,255,1.311097,
-1.036653,-0.1738191,1.158307,0,0,0,1,1,1,1,-1.036653,-0.1738191,1.158307,0,0,0,1,256,1.316597,
-1.036653,-0.1738191,1.158307,0,0,0,1,1,1,1,-1.036653,-0.1738191,1.158307,0,0,0,1,257,1.322002,
-1.036653,-0.1738191,1.158307,0,0,0,1,1,1,1,-1.036653,-0.1738191,1.158307,0,0,0,1,258,1.327568,
-1.036653,-0.1738191,1.158307,0,0,0,1,1,1,1,-1.036653,-0.1738191,1.158307,0,0,0,1,259,1.33307,
-1.036653,-0.1738191,1.158307,0,0,0,1,1,1,1,-1.036653,-0.1738191,1.158307,0,0,0,1,260,1.338416,
-1.036653,-0.1738191,1.158307,0,0,0,1,1,1,1,-1.036653,-0.1738191,1.158307,0,0,0,1,261,1.34354,
-1.036653,-0.1738191,1.158307,0,0,0,1,1,1,1,-1.036653,-0.1738191,1.158307,0,0,0,1,262,1.348878,
-1.036653,-0.1738191,1.158307,0,0,0,1,1,1,1,-1.036653,-0.1738191,1.158307,0,0,0,1,263,1.35423,
-1.036653,-0.1738191,1.158307,0,0,0,1,1,1,1,-1.036653,-0.1738191,1.158307,0,0,0,1,264,1.359705,
-1.036653,-0.1738191,1.158307,0,0,0,1,1,1,1,-1.036653,-0.1738191,1.158307,0,0,0,1,265,1.365011,
-1.036653,-0.1738191,1.158307,0,0,0,1,1,1,1,-1.036653,-0.1738191,1.158307,0,0,0,1,266,1.37063,
-1.036653,-0.1738191,1.158307,0,0,0,1,1,1,1,-1.036653,-0.1738191,1.158307,0,0,0,1,267,1.376045,
-1.036653,-0.1738191,1.158307,0,0,0,1,1,1,1,-1.036653,-0.1738191,1.158307,0,0,0,1,268,1.38116,
-1.036653,-0.1738191,1.158307,0,0,0,1,1,1,1,-1.036653,-0.1738191,1.158307,0,0,0,1,269,1.386452,
-1.036653,-0.1738191,1.158307,0,0,0,1,1,1,1,-1.036653,-0.1738191,1.158307,0,0,0,1,270,1.391682,
-1.036653,-0.1738191,1.158307,0,0,0,1,1,1,1,-1.036653,-0.1738191,1.158307,0,0,0,1,271,1.395863,
-1.036653,-0.1738191,1.158307,0,0,0,1,1,1,1,-1.036653,-0.1738191,1.158307,0,0,0,1,272,1.401743,
-1.036653,-0.1738191,1.158307,0,0,0,1,1,1,1,-1.036653,-0.1738191,1.158307,0,0,0,1,273,1.407613,
-1.036653,-0.1738191,1.158307,0,0,0,1,1,1,1,-1.036653,-0.1738191,1.158307,0,0,0,1,274,1.411585,
-1.036653,-0.1738191,1.158307,0,0,0,1,1,1,1,-1.036653,-0.1738191,1.158307,0,0,0,1,275,1.416786,
-1.036653,-0.1738191,1.158307,0,0,0,1,1,1,1,-1.036653,-0.1738191,1.158307,0,0,0,1,276,1.421961,
-1.036653,-0.1738191,1.158307,0,0,0,1,1,1,1,-1.036653,-0.1738191,1.158307,0,0,0,1,277,1.427549,
-1.036653,-0.1738191,1.158307,0,0,0,1,1,1,1,-1.036653,-0.1738191,1.158307,0,0,0,1,278,1.432801,
-1.036653,-0.1738191,1.158307,0,0,0,1,1,1,1,-1.036653,-0.1738191,1.158307,0,0,0,1,279,1.437999,
-1.036653,-0.1738191,1.158307,0,0,0,1,1,1,1,-1.036653,-0.1738191,1.158307,0,0,0,1,280,1.443222,
-1.036653,-0.1738191,1.158307,0,0,0,1,1,1,1,-1.036653,-0.1738191,1.158307,0,0,0,1,281,1.448621,
-1.036653,-0.1738191,1.158307,0,0,0,1,1,1,1,-1.036653,-0.1738191,1.158307,0,0,0,1,282,1.453854,
-1.036653,-0.1738191,1.158307,0,0,0,1,1,1,1,-1.036653,-0.1738191,1.158307,0,0,0,1,283,1.459002,
-1.036653,-0.1738191,1.158307,0,0,0,1,1,1,1,-1.036653,-0.1738191,1.158307,0,0,0,1,284,1.464172,
-1.036653,-0.1738191,1.158307,0,0,0,1,1,1,1,-1.036653,-0.1738191,1.158307,0,0,0,1,285,1.469602,
-1.036653,-0.1738191,1.158307,0,0,0,1,1,1,1,-1.036653,-0.1738191,1.158307,0,0,0,1,286,1.474835,
-1.036653,-0.1738191,1.158307,0,0,0,1,1,1,1,-1.036653,-0.1738191,1.158307,0,0,0,1,287,1.480123,
-1.036653,-0.1738191,1.158307,0,0,0,1,1,1,1,-1.036653,-0.1738191,1.158307,0,0,0,1,288,1.485764,
-1.036653,-0.1738191,1.158307,0,0,0,1,1,1,1,-1.036653,-0.1738191,1.158307,0,0,0,1,289,1.48998,
-1.036653,-0.1738191,1.158307,0,0,0,1,1,1,1,-1.036653,-0.1738191,1.158307,0,0,0,1,290,1.494047,
-1.036653,-0.1738191,1.158307,0,0,0,1,1,1,1,-1.036653,-0.1738191,1.158307,0,0,0,1,291,1.49804,
-1.036653,-0.1738191,1.158307,0,0,0,1,1,1,1,-1.036653,-0.1738191,1.158307,0,0,0,1,292,1.501962,
-1.036653,-0.1738191,1.158307,0,0,0,1,1,1,1,-1.036653,-0.1738191,1.158307,0,0,0,1,293,1.506026,
-1.036653,-0.1738191,1.158307,0,0,0,1,1,1,1,-1.036653,-0.1738191,1.158307,0,0,0,1,294,1.510023,
-1.036653,-0.1738191,1.158307,0,0,0,1,1,1,1,-1.036653,-0.1738191,1.158307,0,0,0,1,295,1.514801,
-1.036653,-0.1738191,1.158307,0,0,0,1,1,1,1,-1.036653,-0.1738191,1.158307,0,0,0,1,296,1.519399,
-1.036653,-0.1738191,1.158307,0,0,0,1,1,1,1,-1.036653,-0.1738191,1.158307,0,0,0,1,297,1.523961,
-1.036653,-0.1738191,1.158307,0,0,0,1,1,1,1,-1.036653,-0.1738191,1.158307,0,0,0,1,298,1.528009,
-1.036653,-0.1738191,1.158307,0,0,0,1,1,1,1,-1.036653,-0.1738191,1.158307,0,0,0,1,299,1.531873,
-1.036653,-0.1738191,1.158307,0,0,0,1,1,1,1,-1.036653,-0.1738191,1.158307,0,0,0,1,300,1.535737,
-1.036653,-0.1738191,1.158307,0,0,0,1,1,1,1,-1.036653,-0.1738191,1.158307,0,0,0,1,301,1.539629,
-1.036653,-0.1738191,1.158307,0,0,0,1,1,1,1,-1.036653,-0.1738191,1.158307,0,0,0,1,302,1.543671,
-1.036653,-0.1738191,1.158307,0,0,0,1,1,1,1,-1.036653,-0.1738191,1.158307,0,0,0,1,303,1.547851,
-1.036653,-0.1738191,1.158307,0,0,0,1,1,1,1,-1.036653,-0.1738191,1.158307,0,0,0,1,304,1.552457,
-1.036653,-0.1738191,1.158307,0,0,0,1,1,1,1,-1.036653,-0.1738191,1.158307,0,0,0,1,305,1.557481,
-1.036653,-0.1738191,1.158307,0,0,0,1,1,1,1,-1.036653,-0.1738191,1.158307,0,0,0,1,306,1.561822,
-1.036653,-0.1738191,1.158307,0,0,0,1,1,1,1,-1.036653,-0.1738191,1.158307,0,0,0,1,307,1.56701,
-1.036653,-0.1738191,1.158307,0,0,0,1,1,1,1,-1.036653,-0.1738191,1.158307,0,0,0,1,308,1.571292,
-1.036653,-0.1738191,1.158307,0,0,0,1,1,1,1,-1.036653,-0.1738191,1.158307,0,0,0,1,309,1.575487,
-1.036653,-0.1738191,1.158307,0,0,0,1,1,1,1,-1.036653,-0.1738191,1.158307,0,0,0,1,310,1.57951,
-1.036653,-0.1738191,1.158307,0,0,0,1,1,1,1,-1.036653,-0.1738191,1.158307,0,0,0,1,311,1.584029,
-1.036653,-0.1738191,1.158307,0,0,0,1,1,1,1,-1.036653,-0.1738191,1.158307,0,0,0,1,312,1.588973,
-1.036653,-0.1738191,1.158307,0,0,0,1,1,1,1,-1.036653,-0.1738191,1.158307,0,0,0,1,313,1.593495,
-1.036653,-0.1738191,1.158307,0,0,0,1,1,1,1,-1.036653,-0.1738191,1.158307,0,0,0,1,314,1.59739,
-1.036653,-0.1738191,1.158307,0,0,0,1,1,1,1,-1.036653,-0.1738191,1.158307,0,0,0,1,315,1.601388,
-1.036653,-0.1738191,1.158307,0,0,0,1,1,1,1,-1.036653,-0.1738191,1.158307,0,0,0,1,316,1.60551,
-1.036653,-0.1738191,1.158307,0,0,0,1,1,1,1,-1.036653,-0.1738191,1.158307,0,0,0,1,317,1.609371,
-1.036653,-0.1738191,1.158307,0,0,0,1,1,1,1,-1.036653,-0.1738191,1.158307,0,0,0,1,318,1.613679,
-1.036653,-0.1738191,1.158307,0,0,0,1,1,1,1,-1.036653,-0.1738191,1.158307,0,0,0,1,319,1.618249,
-1.036653,-0.1738191,1.158307,0,0,0,1,1,1,1,-1.036653,-0.1738191,1.158307,0,0,0,1,320,1.623274,
-1.036653,-0.1738191,1.158307,0,0,0,1,1,1,1,-1.036653,-0.1738191,1.158307,0,0,0,1,321,1.631169,
-1.05,-0.1738191,1.158307,0,0,0,1,1,1,1,-1.05,-0.1738191,1.158307,0,0,0,1,322,1.640186,
-1.14,-0.1738191,1.158307,0,0,0,1,1,1,1,-1.14,-0.1738191,1.158307,0,0,0,1,323,1.646017,
-1.18,-0.1738191,1.158307,0,0,0,1,1,1,1,-1.18,-0.1738191,1.158307,0,0,0,1,324,1.651217,
-1.25,-0.1738191,1.158307,0,0,0,1,1,1,1,-1.25,-0.1738191,1.158307,0,0,0,1,325,1.656365,
-1.33,-0.1738191,1.158307,0,0,0,1,1,1,1,-1.33,-0.1738191,1.158307,0,0,0,1,326,1.661802,
-1.4,-0.1738191,1.158307,0,0,0,1,1,1,1,-1.4,-0.1738191,1.158307,0,0,0,1,327,1.667083,
-1.52,-0.1738191,1.158307,0,0,0,1,1,1,1,-1.52,-0.1738191,1.158307,0,0,0,1,328,1.672249,
-1.66,-0.1738191,1.158307,0,0,0,1,1,1,1,-1.66,-0.1738191,1.158307,0,0,0,1,329,1.677653,
-1.71,-0.1738191,1.158307,0,0,0,1,1,1,1,-1.71,-0.1738191,1.158307,0,0,0,1,330,1.68292,
-1.88,-0.1738191,1.158307,0,0,0,1,1,1,1,-1.88,-0.1738191,1.158307,0,0,0,1,331,1.688168,
-2.12,-0.1738191,1.158307,0,0,0,1,1,1,1,-2.12,-0.1738191,1.158307,0,0,0,1,332,1.69347,
-2.25,-0.1738191,1.158307,0,0,0,1,1,1,1,-2.25,-0.1738191,1.158307,0,0,0,1,333,1.698964,
-2.58,-0.1738191,1.158307,0,0,0,1,1,1,1,-2.58,-0.1738191,1.158307,0,0,0,1,334,1.704221,
-2.89,-0.1738191,1.158307,0,0,0,1,1,1,1,-2.89,-0.1738191,1.158307,0,0,0,1,335,1.709484,
-3.16,-0.1738191,1.158307,0,0,0,1,1,1,1,-3.16,-0.1738191,1.158307,0,0,0,1,336,1.714791,
-3.57,-0.1738191,1.158307,0,0,0,1,1,1,1,-3.57,-0.1738191,1.158307,0,0,0,1,337,1.719869,
-4.01,-0.1738191,1.158307,0,0,0,1,1,1,1,-4.01,-0.1738191,1.158307,0,0,0,1,338,1.72553,
-4.32,-0.1738191,1.158307,0,0,0,1,1,1,1,-4.32,-0.1738191,1.158307,0,0,0,1,339,1.730692,
-4.74,-0.1738191,1.158307,0,0,0,1,1,1,1,-4.74,-0.1738191,1.158307,0,0,0,1,340,1.735794,
-5.02,-0.1738191,1.158307,0,0,0,1,1,1,1,-5.02,-0.1738191,1.158307,0,0,0,1,341,1.74096,
-5.36,-0.1738191,1.158307,0,0,0,1,1,1,1,-5.36,-0.1738191,1.158307,0,0,0,1,342,1.74638,
-5.74,-0.1738191,1.158307,0,0,0,1,1,1,1,-5.74,-0.1738191,1.158307,0,0,0,1,343,1.751488,
-6.02,-0.1738191,1.158307,0,0,0,1,1,1,1,-6.02,-0.1738191,1.158307,0,0,0,1,344,1.756808,
-6.38,-0.1738191,1.158307,0,0,0,1,1,1,1,-6.38,-0.1738191,1.158307,0,0,0,1,345,1.762068,
-6.63,-0.1738191,1.158307,0,0,0,1,1,1,1,-6.63,-0.1738191,1.158307,0,0,0,1,346,1.767432,
-6.83,-0.1738191,1.158307,0,0,0,1,1,1,1,-6.83,-0.1738191,1.158307,0,0,0,1,347,1.772672,
-7.24,-0.1738191,1.158307,0,0,0,1,1,1,1,-7.24,-0.1738191,1.158307,0,0,0,1,348,1.781641,
-7.33,-0.1738191,1.158307,0,0,0,1,1,1,1,-7.33,-0.1738191,1.158307,0,0,0,1,349,1.787158,
-7.51,-0.1738191,1.158307,0,0,0,1,1,1,1,-7.51,-0.1738191,1.158307,0,0,0,1,350,1.792748,
-7.75,-0.1738191,1.158307,0,0,0,1,1,1,1,-7.75,-0.1738191,1.158307,0,0,0,1,351,1.807618,
-7.8,-0.1738191,1.158307,0,0,0,1,1,1,1,-7.8,-0.1738191,1.158307,0,0,0,1,352,1.81284,
-7.87,-0.1738191,1.158307,0,0,0,1,1,1,1,-7.87,-0.1738191,1.158307,0,0,0,1,353,1.817957,
-7.87,-0.1738191,1.158307,0,0,0,1,1,1,1,-7.87,-0.1738191,1.158307,0,0,0,1,354,1.822014,
-7.9,-0.1738191,1.158307,0,0,0,1,1,1,1,-7.9,-0.1738191,1.158307,0,0,0,1,355,1.827506,
-7.9,-0.1738191,1.158307,0,0,0,1,1,1,1,-7.9,-0.1738191,1.158307,0,0,0,1,356,1.833134,
-7.9,-0.1738191,1.158307,0,0,0,1,1,1,1,-7.9,-0.1738191,1.158307,0,0,0,1,357,1.837517,
-7.9,-0.1738191,1.158307,0,0,0,1,1,1,1,-7.9,-0.1738191,1.158307,0,0,0,1,358,1.841972,
-7.9,-0.1738191,1.158307,0,0,0,1,1,1,1,-7.9,-0.1738191,1.158307,0,0,0,1,359,1.846611,
-7.9,-0.1738191,1.158307,0,0,0,1,1,1,1,-7.9,-0.1738191,1.158307,0,0,0,1,360,1.850875,
-7.9,-0.1738191,1.158307,0,0,0,1,1,1,1,-7.9,-0.1738191,1.158307,0,0,0,1,361,1.854859,
-7.9,-0.1738191,1.158307,0,0,0,1,1,1,1,-7.9,-0.1738191,1.158307,0,0,0,1,362,1.858866,
-7.9,-0.1738191,1.158307,0,0,0,1,1,1,1,-7.9,-0.1738191,1.158307,0,0,0,1,363,1.863927,
-7.9,-0.1738191,1.158307,0,0,0,1,1,1,1,-7.9,-0.1738191,1.158307,0,0,0,1,364,1.869443,
-7.9,-0.1738191,1.158307,0,0,0,1,1,1,1,-7.9,-0.1738191,1.158307,0,0,0,1,365,1.874841,
-7.9,-0.1738191,1.158307,0,0,0,1,1,1,1,-7.9,-0.1738191,1.158307,0,0,0,1,366,1.880689,
-7.9,-0.1738191,1.158307,0,0,0,1,1,1,1,-7.9,-0.1738191,1.158307,0,0,0,1,367,1.886089,
-7.9,-0.1738191,1.158307,0,0,0,1,1,1,1,-7.9,-0.1738191,1.158307,0,0,0,1,368,1.891388,
-7.9,-0.1738191,1.158307,0,0,0,1,1,1,1,-7.9,-0.1738191,1.158307,0,0,0,1,369,1.896693,
-7.9,-0.1738191,1.158307,0,0,0,1,1,1,1,-7.9,-0.1738191,1.158307,0,0,0,1,370,1.902053,
-7.9,-0.1738191,1.158307,0,0,0,1,1,1,1,-7.9,-0.1738191,1.158307,0,0,0,1,371,1.907481,
-7.9,-0.1738191,1.158307,0,0,0,1,1,1,1,-7.9,-0.1738191,1.158307,0,0,0,1,372,1.912914,
-7.9,-0.1738191,1.158307,0,0,0,1,1,1,1,-7.9,-0.1738191,1.158307,0,0,0,1,373,1.918492,
-7.9,-0.1738191,1.158307,0,0,0,1,1,1,1,-7.9,-0.1738191,1.158307,0,0,0,1,374,1.924545,
-7.9,-0.1738191,1.158307,0,0,0,1,1,1,1,-7.9,-0.1738191,1.158307,0,0,0,1,375,1.930203,
-7.9,-0.1738191,1.158307,0,0,0,1,1,1,1,-7.9,-0.1738191,1.158307,0,0,0,1,376,1.935943,
-7.9,-0.1738191,1.158307,0,0,0,1,1,1,1,-7.9,-0.1738191,1.158307,0,0,0,1,377,1.941747,
-7.9,-0.1738191,1.158307,0,0,0,1,1,1,1,-7.9,-0.1738191,1.158307,0,0,0,1,378,1.94815,
-7.9,-0.1738191,1.158307,0,0,0,1,1,1,1,-7.9,-0.1738191,1.158307,0,0,0,1,379,1.964001,
-7.9,-0.1738191,1.158307,0,0,0,1,1,1,1,-7.9,-0.1738191,1.158307,0,0,0,1,380,1.969575,
-7.9,-0.1738191,1.158307,0,0,0,1,1,1,1,-7.9,-0.1738191,1.158307,0,0,0,1,381,1.974997,
-7.9,-0.1738191,1.158307,0,0,0,1,1,1,1,-7.9,-0.1738191,1.158307,0,0,0,1,382,1.980207,
-7.9,-0.1738191,1.158307,0,0,0,1,1,1,1,-7.9,-0.1738191,1.158307,0,0,0,1,383,1.985597,
-7.9,-0.1738191,1.158307,0,0,0,1,1,1,1,-7.9,-0.1738191,1.158307,0,0,0,1,384,1.990903,
-7.9,-0.1738191,1.158307,0,0,0,1,1,1,1,-7.9,-0.1738191,1.158307,0,0,0,1,385,1.995991,
-7.9,-0.1738191,1.158307,0,0,0,1,1,1,1,-7.9,-0.1738191,1.158307,0,0,0,1,386,1.999967,
-7.9,-0.1738191,1.158307,0,0,0,1,1,1,1,-7.9,-0.1738191,1.158307,0,0,0,1,387,2.004483,
-7.9,-0.1738191,1.158307,0,0,0,1,1,1,1,-7.9,-0.1738191,1.158307,0,0,0,1,388,2.008771,
-7.9,-0.1738191,1.158307,0,0,0,1,1,1,1,-7.9,-0.1738191,1.158307,0,0,0,1,389,2.012727,
-7.9,-0.1738191,1.158307,0,0,0,1,1,1,1,-7.9,-0.1738191,1.158307,0,0,0,1,390,2.017014,
-7.9,-0.1738191,1.158307,0,0,0,1,1,1,1,-7.9,-0.1738191,1.158307,0,0,0,1,391,2.021481,
-7.9,-0.1738191,1.158307,0,0,0,1,1,1,1,-7.9,-0.1738191,1.158307,0,0,0,1,392,2.026356,
-7.9,-0.1738191,1.158307,0,0,0,1,1,1,1,-7.9,-0.1738191,1.158307,0,0,0,1,393,2.030896,
-7.9,-0.1738191,1.158307,0,0,0,1,1,1,1,-7.9,-0.1738191,1.158307,0,0,0,1,394,2.035595,
-7.9,-0.1738191,1.158307,0,0,0,1,1,1,1,-7.9,-0.1738191,1.158307,0,0,0,1,395,2.039593,
-7.9,-0.1738191,1.158307,0,0,0,1,1,1,1,-7.9,-0.1738191,1.158307,0,0,0,1,396,2.043617,
-7.9,-0.1738191,1.158307,0,0,0,1,1,1,1,-7.9,-0.1738191,1.158307,0,0,0,1,397,2.047814,
-7.9,-0.1738191,1.158307,0,0,0,1,1,1,1,-7.9,-0.1738191,1.158307,0,0,0,1,398,2.052997,
-7.9,-0.1738191,1.158307,0,0,0,1,1,1,1,-7.9,-0.1738191,1.158307,0,0,0,1,399,2.0572,
-7.9,-0.1738191,1.158307,0,0,0,1,1,1,1,-7.9,-0.1738191,1.158307,0,0,0,1,400,2.061755,
-7.9,-0.1738191,1.158307,0,0,0,1,1,1,1,-7.9,-0.1738191,1.158307,0,0,0,1,401,2.067588,
-7.9,-0.1738191,1.158307,0,0,0,1,1,1,1,-7.9,-0.1738191,1.158307,0,0,0,1,402,2.07308,
-7.9,-0.1738191,1.158307,0,0,0,1,1,1,1,-7.9,-0.1738191,1.158307,0,0,0,1,403,2.078314,
-7.9,-0.1738191,1.158307,0,0,0,1,1,1,1,-7.9,-0.1738191,1.158307,0,0,0,1,404,2.083546,
-7.9,-0.1738191,1.158307,0,0,0,1,1,1,1,-7.9,-0.1738191,1.158307,0,0,0,1,405,2.08759,
-7.9,-0.1738191,1.158307,0,0,0,1,1,1,1,-7.9,-0.1738191,1.158307,0,0,0,1,406,2.092908,
-7.9,-0.1738191,1.158307,0,0,0,1,1,1,1,-7.9,-0.1738191,1.158307,0,0,0,1,407,2.096954,
-7.9,-0.1738191,1.158307,0,0,0,1,1,1,1,-7.9,-0.1738191,1.158307,0,0,0,1,408,2.101031,
-7.9,-0.1738191,1.158307,0,0,0,1,1,1,1,-7.9,-0.1738191,1.158307,0,0,0,1,409,2.10516,
-7.9,-0.1738191,1.158307,0,0,0,1,1,1,1,-7.9,-0.1738191,1.158307,0,0,0,1,410,2.109021,
-7.9,-0.1738191,1.158307,0,0,0,1,1,1,1,-7.9,-0.1738191,1.158307,0,0,0,1,411,2.112876,
-7.9,-0.1738191,1.158307,0,0,0,1,1,1,1,-7.9,-0.1738191,1.158307,0,0,0,1,412,2.117596,
-7.9,-0.1738191,1.158307,0,0,0,1,1,1,1,-7.9,-0.1738191,1.158307,0,0,0,1,413,2.122187,
-7.9,-0.1738191,1.158307,0,0,0,1,1,1,1,-7.9,-0.1738191,1.158307,0,0,0,1,414,2.126706,
-7.9,-0.1738191,1.158307,0,0,0,1,1,1,1,-7.9,-0.1738191,1.158307,0,0,0,1,415,2.130625,
-7.9,-0.1738191,1.158307,0,0,0,1,1,1,1,-7.9,-0.1738191,1.158307,0,0,0,1,416,2.134665,
-7.9,-0.1738191,1.158307,0,0,0,1,1,1,1,-7.9,-0.1738191,1.158307,0,0,0,1,417,2.138715,
-7.9,-0.1738191,1.158307,0,0,0,1,1,1,1,-7.9,-0.1738191,1.158307,0,0,0,1,418,2.14289,
-7.9,-0.1738191,1.158307,0,0,0,1,1,1,1,-7.9,-0.1738191,1.158307,0,0,0,1,419,2.147545,
-7.9,-0.1738191,1.158307,0,0,0,1,1,1,1,-7.9,-0.1738191,1.158307,0,0,0,1,420,2.15221,
-7.9,-0.1738191,1.158307,0,0,0,1,1,1,1,-7.9,-0.1738191,1.158307,0,0,0,1,421,2.157436,
-7.9,-0.1738191,1.158307,0,0,0,1,1,1,1,-7.9,-0.1738191,1.158307,0,0,0,1,422,2.161729,
-7.9,-0.1738191,1.158307,0,0,0,1,1,1,1,-7.9,-0.1738191,1.158307,0,0,0,1,423,2.166071,
-7.9,-0.1738191,1.158307,0,0,0,1,1,1,1,-7.9,-0.1738191,1.158307,0,0,0,1,424,2.170554,
-7.9,-0.1738191,1.158307,0,0,0,1,1,1,1,-7.9,-0.1738191,1.158307,0,0,0,1,425,2.175596,
-7.9,-0.1738191,1.158307,0,0,0,1,1,1,1,-7.9,-0.1738191,1.158307,0,0,0,1,426,2.180356,
-7.9,-0.1738191,1.158307,0,0,0,1,1,1,1,-7.9,-0.1738191,1.158307,0,0,0,1,427,2.185156,
-7.9,-0.1738191,1.158307,0,0,0,1,1,1,1,-7.9,-0.1738191,1.158307,0,0,0,1,428,2.189855,
-7.9,-0.1738191,1.158307,0,0,0,1,1,1,1,-7.9,-0.1738191,1.158307,0,0,0,1,429,2.195773,
-7.9,-0.1738191,1.158307,0,0,0,1,1,1,1,-7.9,-0.1738191,1.158307,0,0,0,1,430,2.20001,
-7.9,-0.1738191,1.158307,0,0,0,1,1,1,1,-7.9,-0.1738191,1.158307,0,0,0,1,431,2.204832,
-7.9,-0.1738191,1.158307,0,0,0,1,1,1,1,-7.9,-0.1738191,1.158307,0,0,0,1,432,2.209593,
-7.9,-0.1738191,1.158307,0,0,0,1,1,1,1,-7.9,-0.1738191,1.158307,0,0,0,1,433,2.214118,
-7.9,-0.1738191,1.158307,0,0,0,1,1,1,1,-7.9,-0.1738191,1.158307,0,0,0,1,434,2.218567,
-7.9,-0.1738191,1.158307,0,0,0,1,1,1,1,-7.9,-0.1738191,1.158307,0,0,0,1,435,2.222872,
-7.9,-0.1738191,1.158307,0,0,0,1,1,1,1,-7.9,-0.1738191,1.158307,0,0,0,1,436,2.227216,
-7.9,-0.1738191,1.158307,0,0,0,1,1,1,1,-7.9,-0.1738191,1.158307,0,0,0,1,437,2.231791,
-7.9,-0.1738191,1.158307,0,0,0,1,1,1,1,-7.9,-0.1738191,1.158307,0,0,0,1,438,2.236573,
-7.9,-0.1738191,1.158307,0,0,0,1,1,1,1,-7.9,-0.1738191,1.158307,0,0,0,1,439,2.241688,
-7.9,-0.1738191,1.158307,0,0,0,1,1,1,1,-7.9,-0.1738191,1.158307,0,0,0,1,440,2.246126,
-7.9,-0.1738191,1.158307,0,0,0,1,1,1,1,-7.9,-0.1738191,1.158307,0,0,0,1,441,2.250315,
-7.9,-0.1738191,1.158307,0,0,0,1,1,1,1,-7.9,-0.1738191,1.158307,0,0,0,1,442,2.254906,
-7.9,-0.1738191,1.158307,0,0,0,1,1,1,1,-7.9,-0.1738191,1.158307,0,0,0,1,443,2.268955,
-7.9,-0.1738191,1.158307,0,0,0,1,1,1,1,-7.9,-0.1738191,1.158307,0,0,0,1,444,2.296699,
-7.9,-0.1738191,1.158307,0,0,0,1,1,1,1,-7.9,-0.1738191,1.158307,0,0,0,1,445,2.312472,
-7.9,-0.1738191,1.158307,0,0,0,1,1,1,1,-7.9,-0.1738191,1.158307,0,0,0,1,446,2.318261,
-7.9,-0.1738191,1.158307,0,0,0,1,1,1,1,-7.9,-0.1738191,1.158307,0,0,0,1,447,2.323937,
-7.9,-0.1738191,1.158307,0,0,0,1,1,1,1,-7.9,-0.1738191,1.158307,0,0,0,1,448,2.329916,
-7.9,-0.1738191,1.158307,0,0,0,1,1,1,1,-7.9,-0.1738191,1.158307,0,0,0,1,449,2.335837,
-7.9,-0.1738191,1.158307,0,0,0,1,1,1,1,-7.9,-0.1738191,1.158307,0,0,0,1,450,2.341255,
-7.9,-0.1738191,1.158307,0,0,0,1,1,1,1,-7.9,-0.1738191,1.158307,0,0,0,1,451,2.345359,
-7.9,-0.1738191,1.158307,0,0,0,1,1,1,1,-7.9,-0.1738191,1.158307,0,0,0,1,452,2.351611,
-7.9,-0.1738191,1.158307,0,0,0,1,1,1,1,-7.9,-0.1738191,1.158307,0,0,0,1,453,2.355642,
-7.9,-0.1738191,1.158307,0,0,0,1,1,1,1,-7.9,-0.1738191,1.158307,0,0,0,1,454,2.359605,
-7.9,-0.1738191,1.158307,0,0,0,1,1,1,1,-7.9,-0.1738191,1.158307,0,0,0,1,455,2.36505,
-7.9,-0.1738191,1.158307,0,0,0,1,1,1,1,-7.9,-0.1738191,1.158307,0,0,0,1,456,2.370341,
-7.9,-0.1738191,1.158307,0,0,0,1,1,1,1,-7.9,-0.1738191,1.158307,0,0,0,1,457,2.380111,
-7.9,-0.1738191,1.158307,0,0,0,1,1,1,1,-7.9,-0.1738191,1.158307,0,0,0,1,458,2.386025,
-7.9,-0.1738191,1.158307,0,0,0,1,1,1,1,-7.9,-0.1738191,1.158307,0,0,0,1,459,2.391499,
-7.9,-0.1738191,1.158307,0,0,0,1,1,1,1,-7.9,-0.1738191,1.158307,0,0,0,1,460,2.396901,
-7.9,-0.1738191,1.158307,0,0,0,1,1,1,1,-7.9,-0.1738191,1.158307,0,0,0,1,461,2.402183,
-7.9,-0.1738191,1.158307,0,0,0,1,1,1,1,-7.9,-0.1738191,1.158307,0,0,0,1,462,2.407948,
-7.9,-0.1738191,1.158307,0,0,0,1,1,1,1,-7.9,-0.1738191,1.158307,0,0,0,1,463,2.422582,
-7.9,-0.1738191,1.158307,0,0,0,1,1,1,1,-7.9,-0.1738191,1.158307,0,0,0,1,464,2.427848,
-7.9,-0.1738191,1.158307,0,0,0,1,1,1,1,-7.9,-0.1738191,1.158307,0,0,0,1,465,2.433099,
-7.9,-0.1738191,1.158307,0,0,0,1,1,1,1,-7.9,-0.1738191,1.158307,0,0,0,1,466,2.438525,
-7.9,-0.1738191,1.158307,0,0,0,1,1,1,1,-7.9,-0.1738191,1.158307,0,0,0,1,467,2.443713,
-7.9,-0.1738191,1.158307,0,0,0,1,1,1,1,-7.9,-0.1738191,1.158307,0,0,0,1,468,2.448888,
-7.9,-0.1738191,1.158307,0,0,0,1,1,1,1,-7.9,-0.1738191,1.158307,0,0,0,1,469,2.454122,
-7.9,-0.1738191,1.158307,0,0,0,1,1,1,1,-7.9,-0.1738191,1.158307,0,0,0,1,470,2.458123,
-7.9,-0.1738191,1.158307,0,0,0,1,1,1,1,-7.9,-0.1738191,1.158307,0,0,0,1,471,2.463891,
-7.9,-0.1738191,1.158307,0,0,0,1,1,1,1,-7.9,-0.1738191,1.158307,0,0,0,1,472,2.467926,
-7.9,-0.1738191,1.158307,0,0,0,1,1,1,1,-7.9,-0.1738191,1.158307,0,0,0,1,473,2.472024,
-7.9,-0.1738191,1.158307,0,0,0,1,1,1,1,-7.9,-0.1738191,1.158307,0,0,0,1,474,2.477125,
-7.9,-0.1738191,1.158307,0,0,0,1,1,1,1,-7.9,-0.1738191,1.158307,0,0,0,1,475,2.481363,
-7.9,-0.1738191,1.158307,0,0,0,1,1,1,1,-7.9,-0.1738191,1.158307,0,0,0,1,476,2.487332,
-7.9,-0.1738191,1.158307,0,0,0,1,1,1,1,-7.9,-0.1738191,1.158307,0,0,0,1,477,2.492446,
-7.9,-0.1738191,1.158307,0,0,0,1,1,1,1,-7.9,-0.1738191,1.158307,0,0,0,1,478,2.496306,
-7.9,-0.1738191,1.158307,0,0,0,1,1,1,1,-7.9,-0.1738191,1.158307,0,0,0,1,479,2.500129,
-7.9,-0.1738191,1.158307,0,0,0,1,1,1,1,-7.9,-0.1738191,1.158307,0,0,0,1,480,2.504321,
-7.9,-0.1738191,1.158307,0,0,0,1,1,1,1,-7.9,-0.1738191,1.158307,0,0,0,1,481,2.50951,
-7.9,-0.1738191,1.158307,0,0,0,1,1,1,1,-7.9,-0.1738191,1.158307,0,0,0,1,482,2.51356,
-7.9,-0.1738191,1.158307,0,0,0,1,1,1,1,-7.9,-0.1738191,1.158307,0,0,0,1,483,2.518025,
-7.9,-0.1738191,1.158307,0,0,0,1,1,1,1,-7.9,-0.1738191,1.158307,0,0,0,1,484,2.522102,
-7.9,-0.1738191,1.158307,0,0,0,1,1,1,1,-7.9,-0.1738191,1.158307,0,0,0,1,485,2.526316,
-7.9,-0.1738191,1.158307,0,0,0,1,1,1,1,-7.9,-0.1738191,1.158307,0,0,0,1,486,2.530332,
-7.9,-0.1738191,1.158307,0,0,0,1,1,1,1,-7.9,-0.1738191,1.158307,0,0,0,1,487,2.534189,
-7.9,-0.1738191,1.158307,0,0,0,1,1,1,1,-7.9,-0.1738191,1.158307,0,0,0,1,488,2.539298,
-7.9,-0.1738191,1.158307,0,0,0,1,1,1,1,-7.9,-0.1738191,1.158307,0,0,0,1,489,2.543263,
-7.9,-0.1738191,1.158307,0,0,0,1,1,1,1,-7.9,-0.1738191,1.158307,0,0,0,1,490,2.547807,
-7.9,-0.1738191,1.158307,0,0,0,1,1,1,1,-7.9,-0.1738191,1.158307,0,0,0,1,491,2.553083,
-7.9,-0.1738191,1.158307,0,0,0,1,1,1,1,-7.9,-0.1738191,1.158307,0,0,0,1,492,2.558631,
-7.9,-0.1738191,1.158307,0,0,0,1,1,1,1,-7.9,-0.1738191,1.158307,0,0,0,1,493,2.563984,
-7.9,-0.1738191,1.158307,0,0,0,1,1,1,1,-7.9,-0.1738191,1.158307,0,0,0,1,494,2.569747,
-7.9,-0.1738191,1.158307,0,0,0,1,1,1,1,-7.9,-0.1738191,1.158307,0,0,0,1,495,2.57516,
-7.9,-0.1738191,1.158307,0,0,0,1,1,1,1,-7.9,-0.1738191,1.158307,0,0,0,1,496,2.580469,
-7.9,-0.1738191,1.158307,0,0,0,1,1,1,1,-7.9,-0.1738191,1.158307,0,0,0,1,497,2.585736,
-7.9,-0.1738191,1.158307,0,0,0,1,1,1,1,-7.9,-0.1738191,1.158307,0,0,0,1,498,2.589876,
-7.9,-0.1738191,1.158307,0,0,0,1,1,1,1,-7.9,-0.1738191,1.158307,0,0,0,1,499,2.595686,
-7.9,-0.1738191,1.158307,0,0,0,1,1,1,1,-7.9,-0.1738191,1.158307,0,0,0,1,500,2.600704,
-7.9,-0.1738191,1.158307,0,0,0,1,1,1,1,-7.9,-0.1738191,1.158307,0,0,0,1,501,2.60609,
-7.9,-0.1738191,1.158307,0,0,0,1,1,1,1,-7.9,-0.1738191,1.158307,0,0,0,1,502,2.611177,
-7.9,-0.1738191,1.158307,0,0,0,1,1,1,1,-7.9,-0.1738191,1.158307,0,0,0,1,503,2.616343,
-7.9,-0.1738191,1.158307,0,0,0,1,1,1,1,-7.9,-0.1738191,1.158307,0,0,0,1,504,2.621972,
-7.9,-0.1738191,1.158307,0,0,0,1,1,1,1,-7.9,-0.1738191,1.158307,0,0,0,1,505,2.627501,
-7.9,-0.1738191,1.158307,0,0,0,1,1,1,1,-7.9,-0.1738191,1.158307,0,0,0,1,506,2.631775,
-7.9,-0.1738191,1.158307,0,0,0,1,1,1,1,-7.9,-0.1738191,1.158307,0,0,0,1,507,2.635989,
-7.9,-0.1738191,1.158307,0,0,0,1,1,1,1,-7.9,-0.1738191,1.158307,0,0,0,1,508,2.64097,
-7.9,-0.1738191,1.158307,0,0,0,1,1,1,1,-7.9,-0.1738191,1.158307,0,0,0,1,509,2.645631,
-7.9,-0.1738191,1.158307,0,0,0,1,1,1,1,-7.9,-0.1738191,1.158307,0,0,0,1,510,2.649518,
-7.9,-0.1738191,1.158307,0,0,0,1,1,1,1,-7.9,-0.1738191,1.158307,0,0,0,1,511,2.653636,
-7.9,-0.1738191,1.158307,0,0,0,1,1,1,1,-7.9,-0.1738191,1.158307,0,0,0,1,512,2.658765,
-7.9,-0.1738191,1.158307,0,0,0,1,1,1,1,-7.9,-0.1738191,1.158307,0,0,0,1,513,2.662627,
-7.9,-0.1738191,1.158307,0,0,0,1,1,1,1,-7.9,-0.1738191,1.158307,0,0,0,1,514,2.667505,
-7.9,-0.1738191,1.158307,0,0,0,1,1,1,1,-7.9,-0.1738191,1.158307,0,0,0,1,515,2.672098,
-7.9,-0.1738191,1.158307,0,0,0,1,1,1,1,-7.9,-0.1738191,1.158307,0,0,0,1,516,2.676601,
-7.9,-0.1738191,1.158307,0,0,0,1,1,1,1,-7.9,-0.1738191,1.158307,0,0,0,1,517,2.680624,
-7.9,-0.1738191,1.158307,0,0,0,1,1,1,1,-7.9,-0.1738191,1.158307,0,0,0,1,518,2.684722,
-7.9,-0.1738191,1.158307,0,0,0,1,1,1,1,-7.9,-0.1738191,1.158307,0,0,0,1,519,2.688768,
-7.9,-0.1738191,1.158307,0,0,0,1,1,1,1,-7.9,-0.1738191,1.158307,0,0,0,1,520,2.69264,
-7.9,-0.1738191,1.158307,0,0,0,1,1,1,1,-7.9,-0.1738191,1.158307,0,0,0,1,521,2.696719,
-7.9,-0.1738191,1.158307,0,0,0,1,1,1,1,-7.9,-0.1738191,1.158307,0,0,0,1,522,2.701173,
-7.9,-0.1738191,1.158307,0,0,0,1,1,1,1,-7.9,-0.1738191,1.158307,0,0,0,1,523,2.706118,
-7.9,-0.1738191,1.158307,0,0,0,1,1,1,1,-7.9,-0.1738191,1.158307,0,0,0,1,524,2.711108,
-7.9,-0.1738191,1.158307,0,0,0,1,1,1,1,-7.9,-0.1738191,1.158307,0,0,0,1,525,2.715493,
-7.9,-0.1738191,1.158307,0,0,0,1,1,1,1,-7.9,-0.1738191,1.158307,0,0,0,1,526,2.722381,
-7.9,-0.1738191,1.158307,0,0,0,1,1,1,1,-7.9,-0.1738191,1.158307,0,0,0,1,527,2.72644,
-7.9,-0.1738191,1.158307,0,0,0,1,1,1,1,-7.9,-0.1738191,1.158307,0,0,0,1,528,2.730866,
-7.9,-0.1738191,1.158307,0,0,0,1,1,1,1,-7.9,-0.1738191,1.158307,0,0,0,1,529,2.735321,
-7.9,-0.1738191,1.158307,0,0,0,1,1,1,1,-7.9,-0.1738191,1.158307,0,0,0,1,530,2.739997,
-7.9,-0.1738191,1.158307,0,0,0,1,1,1,1,-7.9,-0.1738191,1.158307,0,0,0,1,531,2.743719,
-7.9,-0.1738191,1.158307,0,0,0,1,1,1,1,-7.9,-0.1738191,1.158307,0,0,0,1,532,2.747537,
-7.9,-0.1738191,1.158307,0,0,0,1,1,1,1,-7.9,-0.1738191,1.158307,0,0,0,1,533,2.751326,
-7.9,-0.1738191,1.158307,0,0,0,1,1,1,1,-7.9,-0.1738191,1.158307,0,0,0,1,534,2.755137,
-7.9,-0.1738191,1.158307,0,0,0,1,1,1,1,-7.9,-0.1738191,1.158307,0,0,0,1,535,2.760376,
-7.9,-0.1738191,1.158307,0,0,0,1,1,1,1,-7.9,-0.1738191,1.158307,0,0,0,1,536,2.765612,
-7.9,-0.1738191,1.158307,0,0,0,1,1,1,1,-7.9,-0.1738191,1.158307,0,0,0,1,537,2.770833,
-7.9,-0.1738191,1.158307,0,0,0,1,1,1,1,-7.9,-0.1738191,1.158307,0,0,0,1,538,2.776054,
-7.9,-0.1738191,1.158307,0,0,0,1,1,1,1,-7.9,-0.1738191,1.158307,0,0,0,1,539,2.781036,
-7.9,-0.1738191,1.158307,0,0,0,1,1,1,1,-7.9,-0.1738191,1.158307,0,0,0,1,540,2.786405,
-7.9,-0.1738191,1.158307,0,0,0,1,1,1,1,-7.9,-0.1738191,1.158307,0,0,0,1,541,2.791929,
-7.9,-0.1738191,1.158307,0,0,0,1,1,1,1,-7.9,-0.1738191,1.158307,0,0,0,1,542,2.79724,
-7.9,-0.1738191,1.158307,0,0,0,1,1,1,1,-7.9,-0.1738191,1.158307,0,0,0,1,543,2.802247,
-7.9,-0.1738191,1.158307,0,0,0,1,1,1,1,-7.9,-0.1738191,1.158307,0,0,0,1,544,2.807499,
-7.9,-0.1738191,1.158307,0,0,0,1,1,1,1,-7.9,-0.1738191,1.158307,0,0,0,1,545,2.812615,
-7.9,-0.1738191,1.158307,0,0,0,1,1,1,1,-7.9,-0.1738191,1.158307,0,0,0,1,546,2.817713,
-7.9,-0.1738191,1.158307,0,0,0,1,1,1,1,-7.9,-0.1738191,1.158307,0,0,0,1,547,2.822937,
-7.9,-0.1738191,1.158307,0,0,0,1,1,1,1,-7.9,-0.1738191,1.158307,0,0,0,1,548,2.82806,
-7.9,-0.1738191,1.158307,0,0,0,1,1,1,1,-7.9,-0.1738191,1.158307,0,0,0,1,549,2.833183,
-7.9,-0.1738191,1.158307,0,0,0,1,1,1,1,-7.9,-0.1738191,1.158307,0,0,0,1,550,2.838567,
-7.9,-0.1738191,1.158307,0,0,0,1,1,1,1,-7.9,-0.1738191,1.158307,0,0,0,1,551,2.843894,
-7.9,-0.1738191,1.158307,0,0,0,1,1,1,1,-7.9,-0.1738191,1.158307,0,0,0,1,552,2.849198,
-7.9,-0.1738191,1.158307,0,0,0,1,1,1,1,-7.9,-0.1738191,1.158307,0,0,0,1,553,2.854349,
-7.9,-0.1738191,1.158307,0,0,0,1,1,1,1,-7.9,-0.1738191,1.158307,0,0,0,1,554,2.859503,
-7.9,-0.1738191,1.158307,0,0,0,1,1,1,1,-7.9,-0.1738191,1.158307,0,0,0,1,555,2.865169,
-7.9,-0.1738191,1.158307,0,0,0,1,1,1,1,-7.9,-0.1738191,1.158307,0,0,0,1,556,2.880168,
-7.9,-0.1738191,1.158307,0,0,0,1,1,1,1,-7.9,-0.1738191,1.158307,0,0,0,1,557,2.885579,
-7.9,-0.1738191,1.158307,0,0,0,1,1,1,1,-7.9,-0.1738191,1.158307,0,0,0,1,558,2.89105,
-7.9,-0.1738191,1.158307,0,0,0,1,1,1,1,-7.9,-0.1738191,1.158307,0,0,0,1,559,2.896478,
-7.9,-0.1738191,1.158307,0,0,0,1,1,1,1,-7.9,-0.1738191,1.158307,0,0,0,1,560,2.901623,
-7.9,-0.1738191,1.158307,0,0,0,1,1,1,1,-7.9,-0.1738191,1.158307,0,0,0,1,561,2.907094,
-7.9,-0.1738191,1.158307,0,0,0,1,1,1,1,-7.9,-0.1738191,1.158307,0,0,0,1,562,2.911339,
-7.9,-0.1738191,1.158307,0,0,0,1,1,1,1,-7.9,-0.1738191,1.158307,0,0,0,1,563,2.915753,
-7.9,-0.1738191,1.158307,0,0,0,1,1,1,1,-7.9,-0.1738191,1.158307,0,0,0,1,564,2.919901,
-7.9,-0.1738191,1.158307,0,0,0,1,1,1,1,-7.9,-0.1738191,1.158307,0,0,0,1,565,2.923733,
-7.9,-0.1738191,1.158307,0,0,0,1,1,1,1,-7.9,-0.1738191,1.158307,0,0,0,1,566,2.927717,
-7.9,-0.1738191,1.158307,0,0,0,1,1,1,1,-7.9,-0.1738191,1.158307,0,0,0,1,567,2.932629,
-7.9,-0.1738191,1.158307,0,0,0,1,1,1,1,-7.9,-0.1738191,1.158307,0,0,0,1,568,2.936594,
-7.9,-0.1738191,1.158307,0,0,0,1,1,1,1,-7.9,-0.1738191,1.158307,0,0,0,1,569,2.941644,
-7.9,-0.1738191,1.158307,0,0,0,1,1,1,1,-7.9,-0.1738191,1.158307,0,0,0,1,570,2.946878,
-7.9,-0.1738191,1.158307,0,0,0,1,1,1,1,-7.9,-0.1738191,1.158307,0,0,0,1,571,2.952618,
-7.9,-0.1738191,1.158307,0,0,0,1,1,1,1,-7.9,-0.1738191,1.158307,0,0,0,1,572,2.958399,
-7.9,-0.1738191,1.158307,0,0,0,1,1,1,1,-7.9,-0.1738191,1.158307,0,0,0,1,573,2.964154,
-7.9,-0.1738191,1.158307,0,0,0,1,1,1,1,-7.9,-0.1738191,1.158307,0,0,0,1,574,2.969988,
-7.9,-0.1738191,1.158307,0,0,0,1,1,1,1,-7.9,-0.1738191,1.158307,0,0,0,1,575,2.97623,
-7.9,-0.1738191,1.158307,0,0,0,1,1,1,1,-7.9,-0.1738191,1.158307,0,0,0,1,576,2.982004,
-7.9,-0.1738191,1.158307,0,0,0,1,1,1,1,-7.9,-0.1738191,1.158307,0,0,0,1,577,2.988163,
-7.9,-0.1738191,1.158307,0,0,0,1,1,1,1,-7.9,-0.1738191,1.158307,0,0,0,1,578,2.994024,
-7.9,-0.1738191,1.158307,0,0,0,1,1,1,1,-7.9,-0.1738191,1.158307,0,0,0,1,579,2.999806,
-7.9,-0.1738191,1.158307,0,0,0,1,1,1,1,-7.9,-0.1738191,1.158307,0,0,0,1,580,3.005661,
-7.9,-0.1738191,1.158307,0,0,0,1,1,1,1,-7.9,-0.1738191,1.158307,0,0,0,1,581,3.011743,
-7.9,-0.1738191,1.158307,0,0,0,1,1,1,1,-7.9,-0.1738191,1.158307,0,0,0,1,582,3.017579,
-7.9,-0.1738191,1.158307,0,0,0,1,1,1,1,-7.9,-0.1738191,1.158307,0,0,0,1,583,3.038126,
-7.9,-0.1738191,1.158307,0,0,0,1,1,1,1,-7.9,-0.1738191,1.158307,0,0,0,1,584,3.043898,
-7.9,-0.1738191,1.158307,0,0,0,1,1,1,1,-7.9,-0.1738191,1.158307,0,0,0,1,585,3.049748,
-7.9,-0.1738191,1.158307,0,0,0,1,1,1,1,-7.9,-0.1738191,1.158307,0,0,0,1,586,3.055741,
-7.9,-0.1738191,1.158307,0,0,0,1,1,1,1,-7.9,-0.1738191,1.158307,0,0,0,1,587,3.061681,
-7.9,-0.1738191,1.158307,0,0,0,1,1,1,1,-7.9,-0.1738191,1.158307,0,0,0,1,588,3.067254,
-7.9,-0.1738191,1.158307,0,0,0,1,1,1,1,-7.9,-0.1738191,1.158307,0,0,0,1,589,3.072681,
-7.9,-0.1738191,1.158307,0,0,0,1,1,1,1,-7.9,-0.1738191,1.158307,0,0,0,1,590,3.078073,
-7.9,-0.1738191,1.158307,0,0,0,1,1,1,1,-7.9,-0.1738191,1.158307,0,0,0,1,591,3.083911,
-7.9,-0.1738191,1.158307,0,0,0,1,1,1,1,-7.9,-0.1738191,1.158307,0,0,0,1,592,3.089764,
-7.9,-0.1738191,1.158307,0,0,0,1,1,1,1,-7.9,-0.1738191,1.158307,0,0,0,1,593,3.095995,
-7.9,-0.1738191,1.158307,0,0,0,1,1,1,1,-7.9,-0.1738191,1.158307,0,0,0,1,594,3.10169,
-7.9,-0.1738191,1.158307,0,0,0,1,1,1,1,-7.9,-0.1738191,1.158307,0,0,0,1,595,3.107392,
-7.9,-0.1738191,1.158307,0,0,0,1,1,1,1,-7.9,-0.1738191,1.158307,0,0,0,1,596,3.112589,
-7.9,-0.1738191,1.158307,0,0,0,1,1,1,1,-7.9,-0.1738191,1.158307,0,0,0,1,597,3.118529,
-7.9,-0.1738191,1.158307,0,0,0,1,1,1,1,-7.9,-0.1738191,1.158307,0,0,0,1,598,3.12448,
-7.9,-0.1738191,1.158307,0,0,0,1,1,1,1,-7.9,-0.1738191,1.158307,0,0,0,1,599,3.129924,
-7.9,-0.1738191,1.158307,0,0,0,1,1,1,1,-7.9,-0.1738191,1.158307,0,0,0,1,600,3.135007,
-7.9,-0.1738191,1.158307,0,0,0,1,1,1,1,-7.9,-0.1738191,1.158307,0,0,0,1,601,3.140294,
-7.9,-0.1738191,1.158307,0,0,0,1,1,1,1,-7.9,-0.1738191,1.158307,0,0,0,1,602,3.145516,
-7.9,-0.1738191,1.158307,0,0,0,1,1,1,1,-7.9,-0.1738191,1.158307,0,0,0,1,603,3.15082,
-7.9,-0.1738191,1.158307,0,0,0,1,1,1,1,-7.9,-0.1738191,1.158307,0,0,0,1,604,3.156137,
-7.9,-0.1738191,1.158307,0,0,0,1,1,1,1,-7.9,-0.1738191,1.158307,0,0,0,1,605,3.161475,
-7.9,-0.1738191,1.158307,0,0,0,1,1,1,1,-7.9,-0.1738191,1.158307,0,0,0,1,606,3.169553,
-7.9,-0.1738191,1.158307,0,0,0,1,1,1,1,-7.9,-0.1738191,1.158307,0,0,0,1,607,3.175241,
-7.9,-0.1738191,1.158307,0,0,0,1,1,1,1,-7.9,-0.1738191,1.158307,0,0,0,1,608,3.179568,
-7.9,-0.1738191,1.158307,0,0,0,1,1,1,1,-7.9,-0.1738191,1.158307,0,0,0,1,609,3.184185,
-7.9,-0.1738191,1.158307,0,0,0,1,1,1,1,-7.9,-0.1738191,1.158307,0,0,0,1,610,3.189172,
-7.9,-0.1738191,1.158307,0,0,0,1,1,1,1,-7.9,-0.1738191,1.158307,0,0,0,1,611,3.193172,
-7.9,-0.1738191,1.158307,0,0,0,1,1,1,1,-7.9,-0.1738191,1.158307,0,0,0,1,612,3.197038,
-7.9,-0.1738191,1.158307,0,0,0,1,1,1,1,-7.9,-0.1738191,1.158307,0,0,0,1,613,3.200894,
-7.9,-0.1738191,1.158307,0,0,0,1,1,1,1,-7.9,-0.1738191,1.158307,0,0,0,1,614,3.205185,
-7.9,-0.1738191,1.158307,0,0,0,1,1,1,1,-7.9,-0.1738191,1.158307,0,0,0,1,615,3.210368,
-7.9,-0.1738191,1.158307,0,0,0,1,1,1,1,-7.9,-0.1738191,1.158307,0,0,0,1,616,3.214215,
-7.9,-0.1738191,1.158307,0,0,0,1,1,1,1,-7.9,-0.1738191,1.158307,0,0,0,1,617,3.218774,
-7.9,-0.1738191,1.158307,0,0,0,1,1,1,1,-7.9,-0.1738191,1.158307,0,0,0,1,618,3.223277,
-7.9,-0.1738191,1.158307,0,0,0,1,1,1,1,-7.9,-0.1738191,1.158307,0,0,0,1,619,3.227828,
-7.9,-0.1738191,1.158307,0,0,0,1,1,1,1,-7.9,-0.1738191,1.158307,0,0,0,1,620,3.231616,
-7.9,-0.1738191,1.158307,0,0,0,1,1,1,1,-7.9,-0.1738191,1.158307,0,0,0,1,621,3.235532,
-7.9,-0.1738191,1.158307,0,0,0,1,1,1,1,-7.9,-0.1738191,1.158307,0,0,0,1,622,3.239498,
-7.9,-0.1738191,1.158307,0,0,0,1,1,1,1,-7.9,-0.1738191,1.158307,0,0,0,1,623,3.243283,
-7.9,-0.1738191,1.158307,0,0,0,1,1,1,1,-7.9,-0.1738191,1.158307,0,0,0,1,624,3.247384,
-7.9,-0.1738191,1.158307,0,0,0,1,1,1,1,-7.9,-0.1738191,1.158307,0,0,0,1,625,3.251922,
-7.9,-0.1738191,1.158307,0,0,0,1,1,1,1,-7.9,-0.1738191,1.158307,0,0,0,1,626,3.25694,
-7.9,-0.1738191,1.158307,0,0,0,1,1,1,1,-7.9,-0.1738191,1.158307,0,0,0,1,627,3.261542,
-7.9,-0.1738191,1.158307,0,0,0,1,1,1,1,-7.9,-0.1738191,1.158307,0,0,0,1,628,3.265522,
-7.9,-0.1738191,1.158307,0,0,0,1,1,1,1,-7.9,-0.1738191,1.158307,0,0,0,1,629,3.269396,
-7.9,-0.1738191,1.158307,0,0,0,1,1,1,1,-7.9,-0.1738191,1.158307,0,0,0,1,630,3.273289,
-7.9,-0.1738191,1.158307,0,0,0,1,1,1,1,-7.9,-0.1738191,1.158307,0,0,0,1,631,3.277303,
-7.9,-0.1738191,1.158307,0,0,0,1,1,1,1,-7.9,-0.1738191,1.158307,0,0,0,1,632,3.281137,
-7.9,-0.1738191,1.158307,0,0,0,1,1,1,1,-7.9,-0.1738191,1.158307,0,0,0,1,633,3.285717,
-7.9,-0.1738191,1.158307,0,0,0,1,1,1,1,-7.9,-0.1738191,1.158307,0,0,0,1,634,3.290422,
-7.9,-0.1738191,1.158307,0,0,0,1,1,1,1,-7.9,-0.1738191,1.158307,0,0,0,1,635,3.294907,
-7.9,-0.1738191,1.158307,0,0,0,1,1,1,1,-7.9,-0.1738191,1.158307,0,0,0,1,636,3.299132,
-7.9,-0.1738191,1.158307,0,0,0,1,1,1,1,-7.9,-0.1738191,1.158307,0,0,0,1,637,3.303045,
-7.9,-0.1738191,1.158307,0,0,0,1,1,1,1,-7.9,-0.1738191,1.158307,0,0,0,1,638,3.307177,
-7.9,-0.1738191,1.158307,0,0,0,1,1,1,1,-7.9,-0.1738191,1.158307,0,0,0,1,639,3.311279,
-7.9,-0.1738191,1.158307,0,0,0,1,1,1,1,-7.9,-0.1738191,1.158307,0,0,0,1,640,3.316314,
-7.9,-0.1738191,1.158307,0,0,0,1,1,1,1,-7.9,-0.1738191,1.158307,0,0,0,1,641,3.321441,
-7.9,-0.1738191,1.158307,0,0,0,1,1,1,1,-7.9,-0.1738191,1.158307,0,0,0,1,642,3.325969,
-7.9,-0.1738191,1.158307,0,0,0,1,1,1,1,-7.9,-0.1738191,1.158307,0,0,0,1,643,3.330576,
-7.9,-0.1738191,1.158307,0,0,0,1,1,1,1,-7.9,-0.1738191,1.158307,0,0,0,1,644,3.334897,
-7.9,-0.1738191,1.158307,0,0,0,1,1,1,1,-7.9,-0.1738191,1.158307,0,0,0,1,645,3.339128,
-7.9,-0.1738191,1.158307,0,0,0,1,1,1,1,-7.9,-0.1738191,1.158307,0,0,0,1,646,3.34393,
-7.9,-0.1738191,1.158307,0,0,0,1,1,1,1,-7.9,-0.1738191,1.158307,0,0,0,1,647,3.348825,
-7.9,-0.1738191,1.158307,0,0,0,1,1,1,1,-7.9,-0.1738191,1.158307,0,0,0,1,648,3.353249,
-7.9,-0.1738191,1.158307,0,0,0,1,1,1,1,-7.9,-0.1738191,1.158307,0,0,0,1,649,3.357709,
-7.9,-0.1738191,1.158307,0,0,0,1,1,1,1,-7.9,-0.1738191,1.158307,0,0,0,1,650,3.361983,
-7.9,-0.1738191,1.158307,0,0,0,1,1,1,1,-7.9,-0.1738191,1.158307,0,0,0,1,651,3.366055,
-7.9,-0.1738191,1.158307,0,0,0,1,1,1,1,-7.9,-0.1738191,1.158307,0,0,0,1,652,3.370936,
-7.9,-0.1738191,1.158307,0,0,0,1,1,1,1,-7.9,-0.1738191,1.158307,0,0,0,1,653,3.376087,
-7.9,-0.1738191,1.158307,0,0,0,1,1,1,1,-7.9,-0.1738191,1.158307,0,0,0,1,654,3.380382,
-7.9,-0.1738191,1.158307,0,0,0,1,1,1,1,-7.9,-0.1738191,1.158307,0,0,0,1,655,3.385898,
-7.9,-0.1738191,1.158307,0,0,0,1,1,1,1,-7.9,-0.1738191,1.158307,0,0,0,1,656,3.390541,
-7.9,-0.1738191,1.158307,0,0,0,1,1,1,1,-7.9,-0.1738191,1.158307,0,0,0,1,657,3.394804,
-7.9,-0.1738191,1.158307,0,0,0,1,1,1,1,-7.9,-0.1738191,1.158307,0,0,0,1,658,3.399441,
-7.9,-0.1738191,1.158307,0,0,0,1,1,1,1,-7.9,-0.1738191,1.158307,0,0,0,1,659,3.404604,
-7.9,-0.1738191,1.158307,0,0,0,1,1,1,1,-7.9,-0.1738191,1.158307,0,0,0,1,660,3.40912,
-7.9,-0.1738191,1.158307,0,0,0,1,1,1,1,-7.9,-0.1738191,1.158307,0,0,0,1,661,3.41322,
-7.9,-0.1738191,1.158307,0,0,0,1,1,1,1,-7.9,-0.1738191,1.158307,0,0,0,1,662,3.417379,
-7.9,-0.1738191,1.158307,0,0,0,1,1,1,1,-7.9,-0.1738191,1.158307,0,0,0,1,663,3.421903,
-7.9,-0.1738191,1.158307,0,0,0,1,1,1,1,-7.9,-0.1738191,1.158307,0,0,0,1,664,3.426251,
-7.9,-0.1738191,1.158307,0,0,0,1,1,1,1,-7.9,-0.1738191,1.158307,0,0,0,1,665,3.430873,
-7.9,-0.1738191,1.158307,0,0,0,1,1,1,1,-7.9,-0.1738191,1.158307,0,0,0,1,666,3.435216,
-7.9,-0.1738191,1.158307,0,0,0,1,1,1,1,-7.9,-0.1738191,1.158307,0,0,0,1,667,3.440254,
-7.9,-0.1738191,1.158307,0,0,0,1,1,1,1,-7.9,-0.1738191,1.158307,0,0,0,1,668,3.44451,
-7.9,-0.1738191,1.158307,0,0,0,1,1,1,1,-7.9,-0.1738191,1.158307,0,0,0,1,669,3.448601,
-7.9,-0.1738191,1.158307,0,0,0,1,1,1,1,-7.9,-0.1738191,1.158307,0,0,0,1,670,3.452633,
-7.9,-0.1738191,1.158307,0,0,0,1,1,1,1,-7.9,-0.1738191,1.158307,0,0,0,1,671,3.456841,
-7.9,-0.1738191,1.158307,0,0,0,1,1,1,1,-7.9,-0.1738191,1.158307,0,0,0,1,672,3.461249,
-7.9,-0.1738191,1.158307,0,0,0,1,1,1,1,-7.9,-0.1738191,1.158307,0,0,0,1,673,3.466192,
-7.9,-0.1738191,1.158307,0,0,0,1,1,1,1,-7.9,-0.1738191,1.158307,0,0,0,1,674,3.470473,
-7.9,-0.1738191,1.158307,0,0,0,1,1,1,1,-7.9,-0.1738191,1.158307,0,0,0,1,675,3.474903,
-7.9,-0.1738191,1.158307,0,0,0,1,1,1,1,-7.9,-0.1738191,1.158307,0,0,0,1,676,3.478858,
-7.9,-0.1738191,1.158307,0,0,0,1,1,1,1,-7.9,-0.1738191,1.158307,0,0,0,1,677,3.482932,
-7.9,-0.1738191,1.158307,0,0,0,1,1,1,1,-7.9,-0.1738191,1.158307,0,0,0,1,678,3.487207,
-7.9,-0.1738191,1.158307,0,0,0,1,1,1,1,-7.9,-0.1738191,1.158307,0,0,0,1,679,3.492097,
-7.9,-0.1738191,1.158307,0,0,0,1,1,1,1,-7.9,-0.1738191,1.158307,0,0,0,1,680,3.496619,
-7.9,-0.1738191,1.158307,0,0,0,1,1,1,1,-7.9,-0.1738191,1.158307,0,0,0,1,681,3.500781,
-7.9,-0.1738191,1.158307,0,0,0,1,1,1,1,-7.9,-0.1738191,1.158307,0,0,0,1,682,3.504739,
-7.9,-0.1738191,1.158307,0,0,0,1,1,1,1,-7.9,-0.1738191,1.158307,0,0,0,1,683,3.508821,
-7.9,-0.1738191,1.158307,0,0,0,1,1,1,1,-7.9,-0.1738191,1.158307,0,0,0,1,684,3.512765,
-7.9,-0.1738191,1.158307,0,0,0,1,1,1,1,-7.9,-0.1738191,1.158307,0,0,0,1,685,3.516653,
-7.9,-0.1738191,1.158307,0,0,0,1,1,1,1,-7.9,-0.1738191,1.158307,0,0,0,1,686,3.521334,
-7.9,-0.1738191,1.158307,0,0,0,1,1,1,1,-7.9,-0.1738191,1.158307,0,0,0,1,687,3.526201,
-7.9,-0.1738191,1.158307,0,0,0,1,1,1,1,-7.9,-0.1738191,1.158307,0,0,0,1,688,3.531018,
-7.9,-0.1738191,1.158307,0,0,0,1,1,1,1,-7.9,-0.1738191,1.158307,0,0,0,1,689,3.534997,
-7.9,-0.1738191,1.158307,0,0,0,1,1,1,1,-7.9,-0.1738191,1.158307,0,0,0,1,690,3.538916,
-7.9,-0.1738191,1.158307,0,0,0,1,1,1,1,-7.9,-0.1738191,1.158307,0,0,0,1,691,3.542797,
-7.9,-0.1738191,1.158307,0,0,0,1,1,1,1,-7.9,-0.1738191,1.158307,0,0,0,1,692,3.546795,
-7.9,-0.1738191,1.158307,0,0,0,1,1,1,1,-7.9,-0.1738191,1.158307,0,0,0,1,693,3.551365,
-7.9,-0.1738191,1.158307,0,0,0,1,1,1,1,-7.9,-0.1738191,1.158307,0,0,0,1,694,3.555931,
-7.9,-0.1738191,1.158307,0,0,0,1,1,1,1,-7.9,-0.1738191,1.158307,0,0,0,1,695,3.560553,
-7.9,-0.1738191,1.158307,0,0,0,1,1,1,1,-7.9,-0.1738191,1.158307,0,0,0,1,696,3.564654,
-7.9,-0.1738191,1.158307,0,0,0,1,1,1,1,-7.9,-0.1738191,1.158307,0,0,0,1,697,3.568644,
-7.9,-0.1738191,1.158307,0,0,0,1,1,1,1,-7.9,-0.1738191,1.158307,0,0,0,1,698,3.572547,
-7.9,-0.1738191,1.158307,0,0,0,1,1,1,1,-7.9,-0.1738191,1.158307,0,0,0,1,699,3.57673,
-7.9,-0.1738191,1.158307,0,0,0,1,1,1,1,-7.9,-0.1738191,1.158307,0,0,0,1,700,3.581062,
-7.9,-0.1738191,1.158307,0,0,0,1,1,1,1,-7.9,-0.1738191,1.158307,0,0,0,1,701,3.585526,
-7.9,-0.1738191,1.158307,0,0,0,1,1,1,1,-7.9,-0.1738191,1.158307,0,0,0,1,702,3.590167,
-7.9,-0.1738191,1.158307,0,0,0,1,1,1,1,-7.9,-0.1738191,1.158307,0,0,0,1,703,3.594445,
-7.9,-0.1738191,1.158307,0,0,0,1,1,1,1,-7.9,-0.1738191,1.158307,0,0,0,1,704,3.598342,
-7.9,-0.1738191,1.158307,0,0,0,1,1,1,1,-7.9,-0.1738191,1.158307,0,0,0,1,705,3.6022,
-7.9,-0.1738191,1.158307,0,0,0,1,1,1,1,-7.9,-0.1738191,1.158307,0,0,0,1,706,3.606643,
-7.9,-0.1738191,1.158307,0,0,0,1,1,1,1,-7.9,-0.1738191,1.158307,0,0,0,1,707,3.610886,
-7.9,-0.1738191,1.158307,0,0,0,1,1,1,1,-7.9,-0.1738191,1.158307,0,0,0,1,708,3.615284,
-7.9,-0.1738191,1.158307,0,0,0,1,1,1,1,-7.9,-0.1738191,1.158307,0,0,0,1,709,3.620365,
-7.9,-0.1738191,1.158307,0,0,0,1,1,1,1,-7.9,-0.1738191,1.158307,0,0,0,1,710,3.624597,
-7.9,-0.1738191,1.158307,0,0,0,1,1,1,1,-7.9,-0.1738191,1.158307,0,0,0,1,711,3.628844,
-7.9,-0.1738191,1.158307,0,0,0,1,1,1,1,-7.9,-0.1738191,1.158307,0,0,0,1,712,3.632732,
-7.9,-0.1738191,1.158307,0,0,0,1,1,1,1,-7.9,-0.1738191,1.158307,0,0,0,1,713,3.636997,
-7.9,-0.1738191,1.158307,0,0,0,1,1,1,1,-7.9,-0.1738191,1.158307,0,0,0,1,714,3.641019,
-7.9,-0.1738191,1.158307,0,0,0,1,1,1,1,-7.9,-0.1738191,1.158307,0,0,0,1,715,3.645721,
-7.9,-0.1738191,1.158307,0,0,0,1,1,1,1,-7.9,-0.1738191,1.158307,0,0,0,1,716,3.650156,
-7.9,-0.1738191,1.158307,0,0,0,1,1,1,1,-7.9,-0.1738191,1.158307,0,0,0,1,717,3.655062,
-7.9,-0.1738191,1.158307,0,0,0,1,1,1,1,-7.9,-0.1738191,1.158307,0,0,0,1,718,3.659034,
-7.9,-0.1738191,1.158307,0,0,0,1,1,1,1,-7.9,-0.1738191,1.158307,0,0,0,1,719,3.662844,
-7.9,-0.1738191,1.158307,0,0,0,1,1,1,1,-7.9,-0.1738191,1.158307,0,0,0,1,720,3.666772,
-7.9,-0.1738191,1.158307,0,0,0,1,1,1,1,-7.9,-0.1738191,1.158307,0,0,0,1,721,3.670667,
-7.9,-0.1738191,1.158307,0,0,0,1,1,1,1,-7.9,-0.1738191,1.158307,0,0,0,1,722,3.675492,
-7.9,-0.1738191,1.158307,0,0,0,1,1,1,1,-7.9,-0.1738191,1.158307,0,0,0,1,723,3.680075,
-7.9,-0.1738191,1.158307,0,0,0,1,1,1,1,-7.9,-0.1738191,1.158307,0,0,0,1,724,3.684508,
-7.9,-0.1738191,1.158307,0,0,0,1,1,1,1,-7.9,-0.1738191,1.158307,0,0,0,1,725,3.688492,
-7.9,-0.1738191,1.158307,0,0,0,1,1,1,1,-7.9,-0.1738191,1.158307,0,0,0,1,726,3.692405,
-7.9,-0.1738191,1.158307,0,0,0,1,1,1,1,-7.9,-0.1738191,1.158307,0,0,0,1,727,3.696407,
-7.9,-0.1738191,1.158307,0,0,0,1,1,1,1,-7.9,-0.1738191,1.158307,0,0,0,1,728,3.700541,
-7.9,-0.1738191,1.158307,0,0,0,1,1,1,1,-7.9,-0.1738191,1.158307,0,0,0,1,729,3.70463,
-7.9,-0.1738191,1.158307,0,0,0,1,1,1,1,-7.9,-0.1738191,1.158307,0,0,0,1,730,3.709584,
-7.9,-0.1738191,1.158307,0,0,0,1,1,1,1,-7.9,-0.1738191,1.158307,0,0,0,1,731,3.714023,
-7.9,-0.1738191,1.158307,0,0,0,1,1,1,1,-7.9,-0.1738191,1.158307,0,0,0,1,732,3.718623,
-7.9,-0.1738191,1.158307,0,0,0,1,1,1,1,-7.9,-0.1738191,1.158307,0,0,0,1,733,3.722733,
-7.9,-0.1738191,1.158307,0,0,0,1,1,1,1,-7.9,-0.1738191,1.158307,0,0,0,1,734,3.726736,
-7.9,-0.1738191,1.158307,0,0,0,1,1,1,1,-7.9,-0.1738191,1.158307,0,0,0,1,735,3.730939,
-7.9,-0.1738191,1.158307,0,0,0,1,1,1,1,-7.9,-0.1738191,1.158307,0,0,0,1,736,3.734884,
-7.9,-0.1738191,1.158307,0,0,0,1,1,1,1,-7.9,-0.1738191,1.158307,0,0,0,1,737,3.739532,
-7.9,-0.1738191,1.158307,0,0,0,1,1,1,1,-7.9,-0.1738191,1.158307,0,0,0,1,738,3.744047,
-7.9,-0.1738191,1.158307,0,0,0,1,1,1,1,-7.9,-0.1738191,1.158307,0,0,0,1,739,3.748775,
-7.9,-0.1738191,1.158307,0,0,0,1,1,1,1,-7.9,-0.1738191,1.158307,0,0,0,1,740,3.752609,
-7.9,-0.1738191,1.158307,0,0,0,1,1,1,1,-7.9,-0.1738191,1.158307,0,0,0,1,741,3.756477,
-7.9,-0.1738191,1.158307,0,0,0,1,1,1,1,-7.9,-0.1738191,1.158307,0,0,0,1,742,3.760548,
-7.9,-0.1738191,1.158307,0,0,0,1,1,1,1,-7.9,-0.1738191,1.158307,0,0,0,1,743,3.764602,
-7.9,-0.1738191,1.158307,0,0,0,1,1,1,1,-7.9,-0.1738191,1.158307,0,0,0,1,744,3.768642,
-7.9,-0.1738191,1.158307,0,0,0,1,1,1,1,-7.9,-0.1738191,1.158307,0,0,0,1,745,3.777026,
-7.9,-0.1738191,1.158307,0,0,0,1,1,1,1,-7.9,-0.1738191,1.158307,0,0,0,1,746,3.781256,
-7.9,-0.1738191,1.158307,0,0,0,1,1,1,1,-7.9,-0.1738191,1.158307,0,0,0,1,747,3.785499,
-7.9,-0.1738191,1.158307,0,0,0,1,1,1,1,-7.9,-0.1738191,1.158307,0,0,0,1,748,3.789863,
-7.9,-0.1738191,1.158307,0,0,0,1,1,1,1,-7.9,-0.1738191,1.158307,0,0,0,1,749,3.794474,
-7.9,-0.1738191,1.158307,0,0,0,1,1,1,1,-7.9,-0.1738191,1.158307,0,0,0,1,750,3.798759,
-7.9,-0.1738191,1.158307,0,0,0,1,1,1,1,-7.9,-0.1738191,1.158307,0,0,0,1,751,3.802644,
-7.9,-0.1738191,1.158307,0,0,0,1,1,1,1,-7.9,-0.1738191,1.158307,0,0,0,1,752,3.806792,
-7.9,-0.1738191,1.158307,0,0,0,1,1,1,1,-7.9,-0.1738191,1.158307,0,0,0,1,753,3.810646,
-7.9,-0.1738191,1.158307,0,0,0,1,1,1,1,-7.9,-0.1738191,1.158307,0,0,0,1,754,3.814505,
-7.9,-0.1738191,1.158307,0,0,0,1,1,1,1,-7.9,-0.1738191,1.158307,0,0,0,1,755,3.818576,
-7.9,-0.1738191,1.158307,0,0,0,1,1,1,1,-7.9,-0.1738191,1.158307,0,0,0,1,756,3.823269,
-7.9,-0.1738191,1.158307,0,0,0,1,1,1,1,-7.9,-0.1738191,1.158307,0,0,0,1,757,3.827782,
-7.9,-0.1738191,1.158307,0,0,0,1,1,1,1,-7.9,-0.1738191,1.158307,0,0,0,1,758,3.831608,
-7.9,-0.1738191,1.158307,0,0,0,1,1,1,1,-7.9,-0.1738191,1.158307,0,0,0,1,759,3.835417,
-7.9,-0.1738191,1.158307,0,0,0,1,1,1,1,-7.9,-0.1738191,1.158307,0,0,0,1,760,3.839484,
-7.9,-0.1738191,1.158307,0,0,0,1,1,1,1,-7.9,-0.1738191,1.158307,0,0,0,1,761,3.843534,
-7.9,-0.1738191,1.158307,0,0,0,1,1,1,1,-7.9,-0.1738191,1.158307,0,0,0,1,762,3.847653,
-7.9,-0.1738191,1.158307,0,0,0,1,1,1,1,-7.9,-0.1738191,1.158307,0,0,0,1,763,3.852215,
-7.9,-0.1738191,1.158307,0,0,0,1,1,1,1,-7.9,-0.1738191,1.158307,0,0,0,1,764,3.856759,
-7.9,-0.1738191,1.158307,0,0,0,1,1,1,1,-7.9,-0.1738191,1.158307,0,0,0,1,765,3.861486,
-7.9,-0.1738191,1.158307,0,0,0,1,1,1,1,-7.9,-0.1738191,1.158307,0,0,0,1,766,3.865438,
-7.9,-0.1738191,1.158307,0,0,0,1,1,1,1,-7.9,-0.1738191,1.158307,0,0,0,1,767,3.869307,
-7.9,-0.1738191,1.158307,0,0,0,1,1,1,1,-7.9,-0.1738191,1.158307,0,0,0,1,768,3.87328,
-7.9,-0.1738191,1.158307,0,0,0,1,1,1,1,-7.9,-0.1738191,1.158307,0,0,0,1,769,3.877151,
-7.9,-0.1738191,1.158307,0,0,0,1,1,1,1,-7.9,-0.1738191,1.158307,0,0,0,1,770,3.880987,
-7.9,-0.1738191,1.158307,0,0,0,1,1,1,1,-7.9,-0.1738191,1.158307,0,0,0,1,771,3.885601,
-7.9,-0.1738191,1.158307,0,0,0,1,1,1,1,-7.9,-0.1738191,1.158307,0,0,0,1,772,3.890217,
-7.9,-0.1738191,1.158307,0,0,0,1,1,1,1,-7.9,-0.1738191,1.158307,0,0,0,1,773,3.8947,
-7.9,-0.1738191,1.158307,0,0,0,1,1,1,1,-7.9,-0.1738191,1.158307,0,0,0,1,774,3.898536,
-7.9,-0.1738191,1.158307,0,0,0,1,1,1,1,-7.9,-0.1738191,1.158307,0,0,0,1,775,3.902376,
-7.9,-0.1738191,1.158307,0,0,0,1,1,1,1,-7.9,-0.1738191,1.158307,0,0,0,1,776,3.906491,
-7.9,-0.1738191,1.158307,0,0,0,1,1,1,1,-7.9,-0.1738191,1.158307,0,0,0,1,777,3.910323,
-7.9,-0.1738191,1.158307,0,0,0,1,1,1,1,-7.9,-0.1738191,1.158307,0,0,0,1,778,3.9164,
-7.9,-0.1738191,1.158307,0,0,0,1,1,1,1,-7.9,-0.1738191,1.158307,0,0,0,1,779,3.922276,
-7.9,-0.1738191,1.158307,0,0,0,1,1,1,1,-7.9,-0.1738191,1.158307,0,0,0,1,780,3.926984,
-7.9,-0.1738191,1.158307,0,0,0,1,1,1,1,-7.9,-0.1738191,1.158307,0,0,0,1,781,3.930892,
-7.9,-0.1738191,1.158307,0,0,0,1,1,1,1,-7.9,-0.1738191,1.158307,0,0,0,1,782,3.934923,
-7.9,-0.1738191,1.158307,0,0,0,1,1,1,1,-7.9,-0.1738191,1.158307,0,0,0,1,783,3.938846,
-7.9,-0.1738191,1.158307,0,0,0,1,1,1,1,-7.9,-0.1738191,1.158307,0,0,0,1,784,3.942735,
-7.9,-0.1738191,1.158307,0,0,0,1,1,1,1,-7.9,-0.1738191,1.158307,0,0,0,1,785,3.946781,
-7.9,-0.1738191,1.158307,0,0,0,1,1,1,1,-7.9,-0.1738191,1.158307,0,0,0,1,786,3.951324,
-7.9,-0.1738191,1.158307,0,0,0,1,1,1,1,-7.9,-0.1738191,1.158307,0,0,0,1,787,3.955999,
-7.9,-0.1738191,1.158307,0,0,0,1,1,1,1,-7.9,-0.1738191,1.158307,0,0,0,1,788,3.960475,
-7.9,-0.1738191,1.158307,0,0,0,1,1,1,1,-7.9,-0.1738191,1.158307,0,0,0,1,789,3.964439,
-7.9,-0.1738191,1.158307,0,0,0,1,1,1,1,-7.9,-0.1738191,1.158307,0,0,0,1,790,3.968231,
-7.9,-0.1738191,1.158307,0,0,0,1,1,1,1,-7.9,-0.1738191,1.158307,0,0,0,1,791,3.972075,
-7.9,-0.1738191,1.158307,0,0,0,1,1,1,1,-7.9,-0.1738191,1.158307,0,0,0,1,792,3.975931,
-7.9,-0.1738191,1.158307,0,0,0,1,1,1,1,-7.9,-0.1738191,1.158307,0,0,0,1,793,3.981901,
